"type","method","method_full_name","offset","length","text"
"DolocAPI","Command_RefreshStore","System.Void DolocAPI::Command_RefreshStore(System.String)","IL_0008","8","商店名称不能为空"
"DolocAPI","Command_UnlockStoreItem","System.Void DolocAPI::Command_UnlockStoreItem(System.String,System.String)","IL_0010","6","参数不能为空"
"DolocAPI","Command_RevertUnlockStoreItem","System.Void DolocAPI::Command_RevertUnlockStoreItem(System.String,System.String)","IL_000A","0",""
"DolocAPI","Command_RevertUnlockStoreItem","System.Void DolocAPI::Command_RevertUnlockStoreItem(System.String,System.String)","IL_001E","0",""
"DolocAPI","Command_OpenExchangeStore","Cysharp.Threading.Tasks.UniTask DolocAPI::Command_OpenExchangeStore(System.String)","IL_0010","0",""
"DolocAPI","Command_OpenStore","Cysharp.Threading.Tasks.UniTask DolocAPI::Command_OpenStore(System.String)","IL_0008","8","商店名称不能为空"
"DolocAPI","Command_OpenStore","Cysharp.Threading.Tasks.UniTask DolocAPI::Command_OpenStore(System.String)","IL_0024","3","商店<"
"DolocAPI","Command_OpenStore","Cysharp.Threading.Tasks.UniTask DolocAPI::Command_OpenStore(System.String)","IL_002A","7",">不存在或无效"
"DolocAPI/<>c","<FastButton_OpenSeedStore>b__1003_0","System.Boolean DolocAPI/<>c::<FastButton_OpenSeedStore>b__1003_0(DolocTown.StoreUiState)","IL_0001","12","villain_shop"
"DolocTown.EmailManager","SendSellBoxEmail","System.Boolean DolocTown.EmailManager::SendSellBoxEmail(System.Int32)","IL_0000","21","drop_off_box_template"
"DolocTown.EmailManager","SendSellBoxEmail","System.Boolean DolocTown.EmailManager::SendSellBoxEmail(System.Int32)","IL_0016","10","没有指定的模板邮件："
"DolocTown.ExchangeStore","CheckItemUnlock","System.Boolean DolocTown.ExchangeStore::CheckItemUnlock(DolocTown.Config.Store.ExchangeStoreItemData)","IL_001C","0",""
"DolocTown.ExchangeStore","get_SwitchMainInfo","System.String DolocTown.ExchangeStore::get_SwitchMainInfo()","IL_0000","0",""
"DolocTown.ExchangeStore","get_SwitchSubInfo","System.String DolocTown.ExchangeStore::get_SwitchSubInfo()","IL_0000","0",""
"DolocTown.StoreManager","Validate","System.Void DolocTown.StoreManager::Validate()","IL_002C","8","普通商店失效: "
"DolocTown.StoreManager","Validate","System.Void DolocTown.StoreManager::Validate()","IL_007F","8","升级商店失效: "
"DolocTown.RecipePanelUiState","HandleExchangeStoreStartUpArgs","System.Boolean DolocTown.RecipePanelUiState::HandleExchangeStoreStartUpArgs(DolocTown.ExchangeStore,DolocTown.LinearInventory[])","IL_001F","0",""
"DolocTown.RecipePanelUiState","HandleExchangeStoreStartUpArgs","System.Boolean DolocTown.RecipePanelUiState::HandleExchangeStoreStartUpArgs(DolocTown.ExchangeStore,DolocTown.LinearInventory[])","IL_003E","0",""
"DolocTown.RecipePanelUiState","HandleExchangeStoreStartUpArgs","System.Boolean DolocTown.RecipePanelUiState::HandleExchangeStoreStartUpArgs(DolocTown.ExchangeStore,DolocTown.LinearInventory[])","IL_0043","0",""
"DolocTown.ModUiState","OpenWorkshop","System.Void DolocTown.ModUiState::OpenWorkshop(System.Int32)","IL_0000","44","https://steamcommunity.com/app/{0}/workshop/"
"DolocTown.SystemMenuUiState","BeforeRegister","System.Void DolocTown.SystemMenuUiState::BeforeRegister()","IL_0030","18","ui_text_steamstore"
"DolocTown.SystemMenuUiState","OnSystemTextClicked","System.Void DolocTown.SystemMenuUiState::OnSystemTextClicked(System.Int32)","IL_0056","45","https://store.steampowered.com/app/2285550/_/"
"DolocTown.BackpackUpgradeUiState","BuyCapacity","System.Boolean DolocTown.BackpackUpgradeUiState::BuyCapacity()","IL_004D","12","backpack_{0}"
"DolocTown.VersionCommand","UpdateTo09110","System.Void DolocTown.VersionCommand::UpdateTo09110()","IL_0017","10","paiea_shop"
"DolocTown.VersionPatchFunctions","Patch09201","System.Void DolocTown.VersionPatchFunctions::Patch09201()","IL_001A","12","villain_shop"
"DolocTown.VersionPatchFunctions","UpdateTo09305","System.Void DolocTown.VersionPatchFunctions::UpdateTo09305()","IL_000A","15","seasonseed_shop"
"DolocTown.VersionPatchFunctions","UpdateTo09307","System.Void DolocTown.VersionPatchFunctions::UpdateTo09307()","IL_0005","11","animal_shop"
"DolocTown.VersionPatchFunctions","UpdateTo09307","System.Void DolocTown.VersionPatchFunctions::UpdateTo09307()","IL_005F","18","mody_exchange_shop"
"DolocTown.VersionPatchFunctions","UpdateTo09307","System.Void DolocTown.VersionPatchFunctions::UpdateTo09307()","IL_006F","18","mody_exchange_shop"
"DolocTown.FontManagerUsage","RestoreFont","System.Void DolocTown.FontManagerUsage::RestoreFont()","IL_0005","5","zh-CN"
"DolocTown.GameDataTracker.DataUploader","_TraceExpressDrone","System.Void DolocTown.GameDataTracker.DataUploader::_TraceExpressDrone(System.Collections.Generic.IEnumerable`1<System.ValueTuple`2<DolocTown.Item,System.Int32>>)","IL_00E0","5","price"
"DolocTown.UI.ItemData","ShowWithPrice","DolocTown.UI.ItemData DolocTown.UI.ItemData::ShowWithPrice(DolocTown.Item,System.Int32,System.Single)","IL_0092","3","↓↓↓"
"DolocTown.UI.ItemData","ShowWithPrice","DolocTown.UI.ItemData DolocTown.UI.ItemData::ShowWithPrice(DolocTown.Item,System.Int32,System.Single)","IL_00B5","2","↓↓"
"DolocTown.UI.ItemData","ShowWithPrice","DolocTown.UI.ItemData DolocTown.UI.ItemData::ShowWithPrice(DolocTown.Item,System.Int32,System.Single)","IL_00D5","1","↓"
"DolocTown.UI.ItemData","ShowWithPrice","DolocTown.UI.ItemData DolocTown.UI.ItemData::ShowWithPrice(DolocTown.Item,System.Int32,System.Single)","IL_00F5","1","↑"
"DolocTown.UI.ItemData","ShowWithPrice","DolocTown.UI.ItemData DolocTown.UI.ItemData::ShowWithPrice(DolocTown.Item,System.Int32,System.Single)","IL_0115","2","↑↑"
"DolocTown.UI.ItemData","ShowWithPrice","DolocTown.UI.ItemData DolocTown.UI.ItemData::ShowWithPrice(DolocTown.Item,System.Int32,System.Single)","IL_012D","3","↑↑↑"
"DolocTown.UI.StoreItemData","GetTip","System.String DolocTown.UI.StoreItemData::GetTip(DolocTown.Config.Item.ItemInfo)","IL_0084","0",""
"DolocTown.UI.StoreItemData","GetTip","System.String DolocTown.UI.StoreItemData::GetTip(DolocTown.Config.Item.ItemInfo)","IL_00B1","0",""
"DolocTown.NodeCanvas.DialogueTask_UnlockStoreItem","get_taskTitle","System.String DolocTown.NodeCanvas.DialogueTask_UnlockStoreItem::get_taskTitle()","IL_0000","4","解锁商品"
"DolocTown.NodeCanvas.DialogueTask_UnlockStoreItem","get_taskTitle","System.String DolocTown.NodeCanvas.DialogueTask_UnlockStoreItem::get_taskTitle()","IL_000B","1","@"
"DolocTown.Config.Tables",".ctor","System.Void DolocTown.Config.Tables::.ctor(System.Func`2<System.String,SimpleJSON.JSONNode>)","IL_1CC9","13","store_tbstore"
"DolocTown.Config.Tables",".ctor","System.Void DolocTown.Config.Tables::.ctor(System.Func`2<System.String,SimpleJSON.JSONNode>)","IL_1CDE","13","Store.TbStore"
"DolocTown.Config.Tables",".ctor","System.Void DolocTown.Config.Tables::.ctor(System.Func`2<System.String,SimpleJSON.JSONNode>)","IL_1CFF","13","store_tbstore"
"DolocTown.Config.Tables",".ctor","System.Void DolocTown.Config.Tables::.ctor(System.Func`2<System.String,SimpleJSON.JSONNode>)","IL_1D0B","23","store_tbstorepricescale"
"DolocTown.Config.Tables",".ctor","System.Void DolocTown.Config.Tables::.ctor(System.Func`2<System.String,SimpleJSON.JSONNode>)","IL_1D20","23","Store.TbStorePriceScale"
"DolocTown.Config.Tables",".ctor","System.Void DolocTown.Config.Tables::.ctor(System.Func`2<System.String,SimpleJSON.JSONNode>)","IL_1D41","23","store_tbstorepricescale"
"DolocTown.Config.Tables",".ctor","System.Void DolocTown.Config.Tables::.ctor(System.Func`2<System.String,SimpleJSON.JSONNode>)","IL_1D4D","21","store_tbstoreitemlist"
"DolocTown.Config.Tables",".ctor","System.Void DolocTown.Config.Tables::.ctor(System.Func`2<System.String,SimpleJSON.JSONNode>)","IL_1D62","21","Store.TbStoreItemList"
"DolocTown.Config.Tables",".ctor","System.Void DolocTown.Config.Tables::.ctor(System.Func`2<System.String,SimpleJSON.JSONNode>)","IL_1D83","21","store_tbstoreitemlist"
"DolocTown.Config.Tables",".ctor","System.Void DolocTown.Config.Tables::.ctor(System.Func`2<System.String,SimpleJSON.JSONNode>)","IL_1D8F","21","store_tbexchangestore"
"DolocTown.Config.Tables",".ctor","System.Void DolocTown.Config.Tables::.ctor(System.Func`2<System.String,SimpleJSON.JSONNode>)","IL_1DA4","21","Store.TbExchangeStore"
"DolocTown.Config.Tables",".ctor","System.Void DolocTown.Config.Tables::.ctor(System.Func`2<System.String,SimpleJSON.JSONNode>)","IL_1DC5","21","store_tbexchangestore"
"DolocTown.Config.Tables",".ctor","System.Void DolocTown.Config.Tables::.ctor(System.Func`2<System.String,SimpleJSON.JSONNode>)","IL_1DD1","23","store_tbstoreitemunlock"
"DolocTown.Config.Tables",".ctor","System.Void DolocTown.Config.Tables::.ctor(System.Func`2<System.String,SimpleJSON.JSONNode>)","IL_1DE6","23","Store.TbStoreItemUnlock"
"DolocTown.Config.Tables",".ctor","System.Void DolocTown.Config.Tables::.ctor(System.Func`2<System.String,SimpleJSON.JSONNode>)","IL_1E07","23","store_tbstoreitemunlock"
"DolocTown.Config.Tables",".ctor","System.Void DolocTown.Config.Tables::.ctor(System.Func`2<System.String,SimpleJSON.JSONNode>)","IL_2E51","23","mod_tbmodstoreextension"
"DolocTown.Config.Tables",".ctor","System.Void DolocTown.Config.Tables::.ctor(System.Func`2<System.String,SimpleJSON.JSONNode>)","IL_2E66","23","Mod.TbModStoreExtension"
"DolocTown.Config.Tables",".ctor","System.Void DolocTown.Config.Tables::.ctor(System.Func`2<System.String,SimpleJSON.JSONNode>)","IL_2E87","23","mod_tbmodstoreextension"
"DolocTown.Config.Tables",".ctor","System.Void DolocTown.Config.Tables::.ctor(System.Func`2<System.String,SimpleJSON.JSONNode>)","IL_2E93","31","mod_tbmodexchangestoreextension"
"DolocTown.Config.Tables",".ctor","System.Void DolocTown.Config.Tables::.ctor(System.Func`2<System.String,SimpleJSON.JSONNode>)","IL_2EA8","31","Mod.TbModExchangeStoreExtension"
"DolocTown.Config.Tables",".ctor","System.Void DolocTown.Config.Tables::.ctor(System.Func`2<System.String,SimpleJSON.JSONNode>)","IL_2EC9","31","mod_tbmodexchangestoreextension"
"DolocTown.Config.Tables","HandleModStoreExtension","System.Void DolocTown.Config.Tables::HandleModStoreExtension()","IL_0042","14","kenenimuu_shop"
"DolocTown.Config.Tables","HandleModStoreExtension","System.Void DolocTown.Config.Tables::HandleModStoreExtension()","IL_0050","23","seasonseed_villain_shop"
"DolocTown.Config.Tables","HandleModStoreExtension","System.Void DolocTown.Config.Tables::HandleModStoreExtension()","IL_005E","11","animal_shop"
"DolocTown.Config.Tables","HandleModStoreExtension","System.Void DolocTown.Config.Tables::HandleModStoreExtension()","IL_0067","15","seasonseed_shop"
"DolocTown.Config.Tables","HandleModExchangeStoreExtension","System.Void DolocTown.Config.Tables::HandleModExchangeStoreExtension()","IL_0042","20","merlin_exchange_shop"
"DolocTown.Config.Tables","HandleModExchangeStoreExtension","System.Void DolocTown.Config.Tables::HandleModExchangeStoreExtension()","IL_0050","17","cod_exchange_shop"
"DolocTown.Config.Tables","HandleModExchangeStoreExtension","System.Void DolocTown.Config.Tables::HandleModExchangeStoreExtension()","IL_005E","18","lank_exchange_shop"
"DolocTown.Config.Tables","HandleModExchangeStoreExtension","System.Void DolocTown.Config.Tables::HandleModExchangeStoreExtension()","IL_006C","21","orlando_exchange_shop"
"DolocTown.Config.Tables","HandleModExchangeStoreExtension","System.Void DolocTown.Config.Tables::HandleModExchangeStoreExtension()","IL_007A","19","sacco_exchange_shop"
"DolocTown.Config.Tables","HandleModExchangeStoreExtension","System.Void DolocTown.Config.Tables::HandleModExchangeStoreExtension()","IL_0088","28","evernight_kuma_exchange_shop"
"DolocTown.Config.Tables","HandleModExchangeStoreExtension","System.Void DolocTown.Config.Tables::HandleModExchangeStoreExtension()","IL_0096","12","tool_upgrade"
"DolocTown.Config.Tables","HandleModExchangeStoreExtension","System.Void DolocTown.Config.Tables::HandleModExchangeStoreExtension()","IL_009F","8","cod_shop"
"DolocTown.Config.Tables","HandleModExchangeStoreExtension","System.Void DolocTown.Config.Tables::HandleModExchangeStoreExtension()","IL_00A8","22","garbage_exchange_store"
"DolocTown.Config.Tables","HandleModExchangeStoreExtension","System.Void DolocTown.Config.Tables::HandleModExchangeStoreExtension()","IL_00B1","21","orlando_exchange_shop"
"DolocTown.Config.Tables","HandleModExchangeStoreExtension","System.Void DolocTown.Config.Tables::HandleModExchangeStoreExtension()","IL_00BA","11","sacco_store"
"DolocTown.Config.Tables","HandleModExchangeStoreExtension","System.Void DolocTown.Config.Tables::HandleModExchangeStoreExtension()","IL_00C3","19","evernight_kuma_shop"
"DolocTown.Config.ModInfo","TryLoadWorkshopInfo","System.Boolean DolocTown.Config.ModInfo::TryLoadWorkshopInfo(System.String,System.UInt64&)","IL_0005","13","workshop.json"
"DolocTown.Config.ModInfo","TryLoadWorkshopInfo","System.Boolean DolocTown.Config.ModInfo::TryLoadWorkshopInfo(System.String,System.UInt64&)","IL_003B","43","[MOD] Failed to load workshop info: {0}
{1}"
"DolocTown.Config.ModInfo","GetWorkshopInfoPath","System.String DolocTown.Config.ModInfo::GetWorkshopInfoPath()","IL_0006","13","workshop.json"
"DolocTown.Config.ModManager","TryMigrateData","System.String DolocTown.Config.ModManager::TryMigrateData(System.String,System.String,System.String,System.UInt64&)","IL_000C","10","workshopId"
"DolocTown.Config.ModManager","TryMigrateData","System.String DolocTown.Config.ModManager::TryMigrateData(System.String,System.String,System.String,System.UInt64&)","IL_001B","11","workshop_id"
"DolocTown.Config.ModManager","TryMigrateData","System.String DolocTown.Config.ModManager::TryMigrateData(System.String,System.String,System.String,System.UInt64&)","IL_003F","13","workshop.json"
"DolocTown.Config.ModManager","TryMigrateData","System.String DolocTown.Config.ModManager::TryMigrateData(System.String,System.String,System.String,System.UInt64&)","IL_006B","10","workshopId"
"DolocTown.Config.ModManager","TryMigrateData","System.String DolocTown.Config.ModManager::TryMigrateData(System.String,System.String,System.String,System.UInt64&)","IL_0079","11","workshop_id"
"DolocTown.Config.SteamWorkshopUploader","ResolveUploadPlan","System.Void DolocTown.Config.SteamWorkshopUploader::ResolveUploadPlan(DolocTown.Config.ModInfo,System.Action`1<DolocTown.Config.WorkshopUploadPlan>)","IL_0025","71","[MOD] Steam not initialized, fallback to new workshop item upload plan."
"DolocTown.Config.SteamWorkshopUploader","ResolveUploadPlan","System.Void DolocTown.Config.SteamWorkshopUploader::ResolveUploadPlan(DolocTown.Config.ModInfo,System.Action`1<DolocTown.Config.WorkshopUploadPlan>)","IL_0049","31","[MOD] Workshop uploader is busy"
"DolocTown.Config.SteamWorkshopUploader","UploadMod","System.Void DolocTown.Config.SteamWorkshopUploader::UploadMod(DolocTown.Config.ModInfo,DolocTown.Config.WorkshopUploadPlan,System.Action`1<DolocTown.Config.WorkshopUploadResult>)","IL_0007","28","[MOD] Steam not initialized!"
"DolocTown.Config.SteamWorkshopUploader","UploadMod","System.Void DolocTown.Config.SteamWorkshopUploader::UploadMod(DolocTown.Config.ModInfo,DolocTown.Config.WorkshopUploadPlan,System.Action`1<DolocTown.Config.WorkshopUploadResult>)","IL_0037","37","[MOD] Workshop upload already running"
"DolocTown.Config.SteamWorkshopUploader","UploadMod","System.Void DolocTown.Config.SteamWorkshopUploader::UploadMod(DolocTown.Config.ModInfo,DolocTown.Config.WorkshopUploadPlan,System.Action`1<DolocTown.Config.WorkshopUploadResult>)","IL_0070","52","[MOD] Workshop upload failed: invalid upload request"
"DolocTown.Config.SteamWorkshopUploader","UploadMod","System.Void DolocTown.Config.SteamWorkshopUploader::UploadMod(DolocTown.Config.ModInfo,DolocTown.Config.WorkshopUploadPlan,System.Action`1<DolocTown.Config.WorkshopUploadResult>)","IL_00A5","28","[MOD] Mod folder not found: "
"DolocTown.Config.SteamWorkshopUploader","UploadMod","System.Void DolocTown.Config.SteamWorkshopUploader::UploadMod(DolocTown.Config.ModInfo,DolocTown.Config.WorkshopUploadPlan,System.Action`1<DolocTown.Config.WorkshopUploadResult>)","IL_00FC","27","[MOD] {0} workshop mod: {1}"
"DolocTown.Config.SteamWorkshopUploader","UploadMod","System.Void DolocTown.Config.SteamWorkshopUploader::UploadMod(DolocTown.Config.ModInfo,DolocTown.Config.WorkshopUploadPlan,System.Action`1<DolocTown.Config.WorkshopUploadResult>)","IL_012D","49","[MOD] Workshop update failed: missing workshop id"
"DolocTown.Config.SteamWorkshopUploader","OnQueryItemDetails","System.Void DolocTown.Config.SteamWorkshopUploader::OnQueryItemDetails(Steamworks.SteamUGCQueryCompleted_t,System.Boolean)","IL_005D","99","[MOD] Workshop item {0} is not owned by current user or cannot be resolved, will create a new item."
"DolocTown.Config.SteamWorkshopUploader","OnCreateItem","System.Void DolocTown.Config.SteamWorkshopUploader::OnCreateItem(Steamworks.CreateItemResult_t,System.Boolean)","IL_000C","25","[MOD] CreateItem failed: "
"DolocTown.Config.SteamWorkshopUploader","OnCreateItem","System.Void DolocTown.Config.SteamWorkshopUploader::OnCreateItem(Steamworks.CreateItemResult_t,System.Boolean)","IL_0043","29","[MOD] Workshop item created: "
"DolocTown.Config.SteamWorkshopUploader","OnCreateItem","System.Void DolocTown.Config.SteamWorkshopUploader::OnCreateItem(Steamworks.CreateItemResult_t,System.Boolean)","IL_0068","30","steam://url/CommunityFilePage/"
"DolocTown.Config.SteamWorkshopUploader","OnCreateItem","System.Void DolocTown.Config.SteamWorkshopUploader::OnCreateItem(Steamworks.CreateItemResult_t,System.Boolean)","IL_0079","41","[MOD] User must accept workshop agreement"
"DolocTown.Config.SteamWorkshopUploader","UploadUpdate","System.Void DolocTown.Config.SteamWorkshopUploader::UploadUpdate(System.UInt64,DolocTown.Config.ModInfo)","IL_0067","48","[MOD] Failed to set workshop item content path: "
"DolocTown.Config.SteamWorkshopUploader","UploadUpdate","System.Void DolocTown.Config.SteamWorkshopUploader::UploadUpdate(System.UInt64,DolocTown.Config.ModInfo)","IL_00C6","38","[MOD] Failed to set workshop preview: "
"DolocTown.Config.SteamWorkshopUploader","UploadUpdate","System.Void DolocTown.Config.SteamWorkshopUploader::UploadUpdate(System.UInt64,DolocTown.Config.ModInfo)","IL_00EA","34","[MOD] Failed to set workshop tags."
"DolocTown.Config.SteamWorkshopUploader","UploadUpdate","System.Void DolocTown.Config.SteamWorkshopUploader::UploadUpdate(System.UInt64,DolocTown.Config.ModInfo)","IL_00F5","10","Update mod"
"DolocTown.Config.SteamWorkshopUploader","TryAddText","System.Void DolocTown.Config.SteamWorkshopUploader::TryAddText(System.Collections.Generic.List`1<DolocTown.Config.SteamWorkshopUploader/WorkshopL10nText>,System.Collections.Generic.HashSet`1<System.String>,System.String,System.String,System.String)","IL_001B","34","[MOD] Skip workshop localization '"
"DolocTown.Config.SteamWorkshopUploader","TryAddText","System.Void DolocTown.Config.SteamWorkshopUploader::TryAddText(System.Collections.Generic.List`1<DolocTown.Config.SteamWorkshopUploader/WorkshopL10nText>,System.Collections.Generic.HashSet`1<System.String>,System.String,System.String,System.String)","IL_0021","25","' because title is empty."
"DolocTown.Config.SteamWorkshopUploader","ApplyLocalizedText","System.Boolean DolocTown.Config.SteamWorkshopUploader::ApplyLocalizedText(Steamworks.UGCUpdateHandle_t,DolocTown.Config.SteamWorkshopUploader/WorkshopL10nText)","IL_000E","46","[MOD] Failed to set workshop update language: "
"DolocTown.Config.SteamWorkshopUploader","ApplyLocalizedText","System.Boolean DolocTown.Config.SteamWorkshopUploader::ApplyLocalizedText(Steamworks.UGCUpdateHandle_t,DolocTown.Config.SteamWorkshopUploader/WorkshopL10nText)","IL_0033","49","[MOD] Failed to set workshop title for language '"
"DolocTown.Config.SteamWorkshopUploader","ApplyLocalizedText","System.Boolean DolocTown.Config.SteamWorkshopUploader::ApplyLocalizedText(Steamworks.UGCUpdateHandle_t,DolocTown.Config.SteamWorkshopUploader/WorkshopL10nText)","IL_003E","2","'."
"DolocTown.Config.SteamWorkshopUploader","ApplyLocalizedText","System.Boolean DolocTown.Config.SteamWorkshopUploader::ApplyLocalizedText(Steamworks.UGCUpdateHandle_t,DolocTown.Config.SteamWorkshopUploader/WorkshopL10nText)","IL_005D","55","[MOD] Failed to set workshop description for language '"
"DolocTown.Config.SteamWorkshopUploader","ApplyLocalizedText","System.Boolean DolocTown.Config.SteamWorkshopUploader::ApplyLocalizedText(Steamworks.UGCUpdateHandle_t,DolocTown.Config.SteamWorkshopUploader/WorkshopL10nText)","IL_0068","2","'."
"DolocTown.Config.SteamWorkshopUploader","SubmitNextLocalizedText","System.Void DolocTown.Config.SteamWorkshopUploader::SubmitNextLocalizedText(System.UInt64)","IL_000D","30","[MOD] Workshop upload success!"
"DolocTown.Config.SteamWorkshopUploader","SubmitNextLocalizedText","System.Void DolocTown.Config.SteamWorkshopUploader::SubmitNextLocalizedText(System.UInt64)","IL_0057","57","[MOD] Submit workshop localized text: {0}, remaining: {1}"
"DolocTown.Config.SteamWorkshopUploader","SubmitNextLocalizedText","System.Void DolocTown.Config.SteamWorkshopUploader::SubmitNextLocalizedText(System.UInt64)","IL_007D","30","Update workshop localization: "
"DolocTown.Config.SteamWorkshopUploader","OnSubmitItem","System.Void DolocTown.Config.SteamWorkshopUploader::OnSubmitItem(Steamworks.SubmitItemUpdateResult_t,System.Boolean)","IL_0043","30","steam://url/CommunityFilePage/"
"DolocTown.Config.SteamWorkshopUploader","OnSubmitItem","System.Void DolocTown.Config.SteamWorkshopUploader::OnSubmitItem(Steamworks.SubmitItemUpdateResult_t,System.Boolean)","IL_0069","30","[MOD] Workshop upload failed: "
"DolocTown.Config.SteamWorkshopUploader","OnSubmitItem","System.Void DolocTown.Config.SteamWorkshopUploader::OnSubmitItem(Steamworks.SubmitItemUpdateResult_t,System.Boolean)","IL_00A0","86","[MOD] Workshop base update submitted successfully, continue uploading localized texts."
"DolocTown.Config.Store.ExchangeStoreInfo",".ctor","System.Void DolocTown.Config.Store.ExchangeStoreInfo::.ctor(SimpleJSON.JSONNode)","IL_0012","2","id"
"DolocTown.Config.Store.ExchangeStoreInfo",".ctor","System.Void DolocTown.Config.Store.ExchangeStoreInfo::.ctor(SimpleJSON.JSONNode)","IL_002B","2","id"
"DolocTown.Config.Store.ExchangeStoreInfo",".ctor","System.Void DolocTown.Config.Store.ExchangeStoreInfo::.ctor(SimpleJSON.JSONNode)","IL_0040","18","refresh_immediatly"
"DolocTown.Config.Store.ExchangeStoreInfo",".ctor","System.Void DolocTown.Config.Store.ExchangeStoreInfo::.ctor(SimpleJSON.JSONNode)","IL_0059","18","refresh_immediatly"
"DolocTown.Config.Store.ExchangeStoreInfo",".ctor","System.Void DolocTown.Config.Store.ExchangeStoreInfo::.ctor(SimpleJSON.JSONNode)","IL_006E","5","title"
"DolocTown.Config.Store.ExchangeStoreInfo",".ctor","System.Void DolocTown.Config.Store.ExchangeStoreInfo::.ctor(SimpleJSON.JSONNode)","IL_0078","3","key"
"DolocTown.Config.Store.ExchangeStoreInfo",".ctor","System.Void DolocTown.Config.Store.ExchangeStoreInfo::.ctor(SimpleJSON.JSONNode)","IL_0091","5","title"
"DolocTown.Config.Store.ExchangeStoreInfo",".ctor","System.Void DolocTown.Config.Store.ExchangeStoreInfo::.ctor(SimpleJSON.JSONNode)","IL_009B","3","key"
"DolocTown.Config.Store.ExchangeStoreInfo",".ctor","System.Void DolocTown.Config.Store.ExchangeStoreInfo::.ctor(SimpleJSON.JSONNode)","IL_00B0","5","title"
"DolocTown.Config.Store.ExchangeStoreInfo",".ctor","System.Void DolocTown.Config.Store.ExchangeStoreInfo::.ctor(SimpleJSON.JSONNode)","IL_00BA","4","text"
"DolocTown.Config.Store.ExchangeStoreInfo",".ctor","System.Void DolocTown.Config.Store.ExchangeStoreInfo::.ctor(SimpleJSON.JSONNode)","IL_00D3","5","title"
"DolocTown.Config.Store.ExchangeStoreInfo",".ctor","System.Void DolocTown.Config.Store.ExchangeStoreInfo::.ctor(SimpleJSON.JSONNode)","IL_00DD","4","text"
"DolocTown.Config.Store.ExchangeStoreInfo",".ctor","System.Void DolocTown.Config.Store.ExchangeStoreInfo::.ctor(SimpleJSON.JSONNode)","IL_00F2","10","craft_text"
"DolocTown.Config.Store.ExchangeStoreInfo",".ctor","System.Void DolocTown.Config.Store.ExchangeStoreInfo::.ctor(SimpleJSON.JSONNode)","IL_00FC","3","key"
"DolocTown.Config.Store.ExchangeStoreInfo",".ctor","System.Void DolocTown.Config.Store.ExchangeStoreInfo::.ctor(SimpleJSON.JSONNode)","IL_0115","10","craft_text"
"DolocTown.Config.Store.ExchangeStoreInfo",".ctor","System.Void DolocTown.Config.Store.ExchangeStoreInfo::.ctor(SimpleJSON.JSONNode)","IL_011F","3","key"
"DolocTown.Config.Store.ExchangeStoreInfo",".ctor","System.Void DolocTown.Config.Store.ExchangeStoreInfo::.ctor(SimpleJSON.JSONNode)","IL_0134","10","craft_text"
"DolocTown.Config.Store.ExchangeStoreInfo",".ctor","System.Void DolocTown.Config.Store.ExchangeStoreInfo::.ctor(SimpleJSON.JSONNode)","IL_013E","4","text"
"DolocTown.Config.Store.ExchangeStoreInfo",".ctor","System.Void DolocTown.Config.Store.ExchangeStoreInfo::.ctor(SimpleJSON.JSONNode)","IL_0157","10","craft_text"
"DolocTown.Config.Store.ExchangeStoreInfo",".ctor","System.Void DolocTown.Config.Store.ExchangeStoreInfo::.ctor(SimpleJSON.JSONNode)","IL_0161","4","text"
"DolocTown.Config.Store.ExchangeStoreInfo",".ctor","System.Void DolocTown.Config.Store.ExchangeStoreInfo::.ctor(SimpleJSON.JSONNode)","IL_0176","9","item_list"
"DolocTown.Config.Store.ExchangeStoreInfo","ToString","System.String DolocTown.Config.Store.ExchangeStoreInfo::ToString()","IL_0009","5","{ Id:"
"DolocTown.Config.Store.ExchangeStoreInfo","ToString","System.String DolocTown.Config.Store.ExchangeStoreInfo::ToString()","IL_001A","19",",RefreshImmediatly:"
"DolocTown.Config.Store.ExchangeStoreInfo","ToString","System.String DolocTown.Config.Store.ExchangeStoreInfo::ToString()","IL_0033","7",",Title:"
"DolocTown.Config.Store.ExchangeStoreInfo","ToString","System.String DolocTown.Config.Store.ExchangeStoreInfo::ToString()","IL_0044","11",",CraftText:"
"DolocTown.Config.Store.ExchangeStoreInfo","ToString","System.String DolocTown.Config.Store.ExchangeStoreInfo::ToString()","IL_0055","10",",ItemList:"
"DolocTown.Config.Store.ExchangeStoreInfo","ToString","System.String DolocTown.Config.Store.ExchangeStoreInfo::ToString()","IL_006D","2",",}"
"DolocTown.Config.Store.ExchangeStoreItemData",".ctor","System.Void DolocTown.Config.Store.ExchangeStoreItemData::.ctor(SimpleJSON.JSONNode)","IL_0007","11","ranged_item"
"DolocTown.Config.Store.ExchangeStoreItemData",".ctor","System.Void DolocTown.Config.Store.ExchangeStoreItemData::.ctor(SimpleJSON.JSONNode)","IL_0020","11","ranged_item"
"DolocTown.Config.Store.ExchangeStoreItemData",".ctor","System.Void DolocTown.Config.Store.ExchangeStoreItemData::.ctor(SimpleJSON.JSONNode)","IL_003A","7","storage"
"DolocTown.Config.Store.ExchangeStoreItemData",".ctor","System.Void DolocTown.Config.Store.ExchangeStoreItemData::.ctor(SimpleJSON.JSONNode)","IL_0053","7","storage"
"DolocTown.Config.Store.ExchangeStoreItemData",".ctor","System.Void DolocTown.Config.Store.ExchangeStoreItemData::.ctor(SimpleJSON.JSONNode)","IL_0068","9","gold_cost"
"DolocTown.Config.Store.ExchangeStoreItemData",".ctor","System.Void DolocTown.Config.Store.ExchangeStoreItemData::.ctor(SimpleJSON.JSONNode)","IL_0081","9","gold_cost"
"DolocTown.Config.Store.ExchangeStoreItemData",".ctor","System.Void DolocTown.Config.Store.ExchangeStoreItemData::.ctor(SimpleJSON.JSONNode)","IL_0096","10","item_costs"
"DolocTown.Config.Store.ExchangeStoreItemData",".ctor","System.Void DolocTown.Config.Store.ExchangeStoreItemData::.ctor(SimpleJSON.JSONNode)","IL_0115","23","pre_condition_item_name"
"DolocTown.Config.Store.ExchangeStoreItemData",".ctor","System.Void DolocTown.Config.Store.ExchangeStoreItemData::.ctor(SimpleJSON.JSONNode)","IL_012E","23","pre_condition_item_name"
"DolocTown.Config.Store.ExchangeStoreItemData",".ctor","System.Void DolocTown.Config.Store.ExchangeStoreItemData::.ctor(SimpleJSON.JSONNode)","IL_0143","24","pre_condition_item_count"
"DolocTown.Config.Store.ExchangeStoreItemData",".ctor","System.Void DolocTown.Config.Store.ExchangeStoreItemData::.ctor(SimpleJSON.JSONNode)","IL_015C","24","pre_condition_item_count"
"DolocTown.Config.Store.ExchangeStoreItemData",".ctor","System.Void DolocTown.Config.Store.ExchangeStoreItemData::.ctor(SimpleJSON.JSONNode)","IL_0171","10","tech_point"
"DolocTown.Config.Store.ExchangeStoreItemData",".ctor","System.Void DolocTown.Config.Store.ExchangeStoreItemData::.ctor(SimpleJSON.JSONNode)","IL_018A","10","tech_point"
"DolocTown.Config.Store.ExchangeStoreItemData",".ctor","System.Void DolocTown.Config.Store.ExchangeStoreItemData::.ctor(SimpleJSON.JSONNode)","IL_019F","14","default_unlock"
"DolocTown.Config.Store.ExchangeStoreItemData",".ctor","System.Void DolocTown.Config.Store.ExchangeStoreItemData::.ctor(SimpleJSON.JSONNode)","IL_01B8","14","default_unlock"
"DolocTown.Config.Store.ExchangeStoreItemData","Resolve","System.Void DolocTown.Config.Store.ExchangeStoreItemData::Resolve(System.Collections.Generic.Dictionary`2<System.String,System.Object>)","IL_0002","11","Item.TbItem"
"DolocTown.Config.Store.ExchangeStoreItemData","ToString","System.String DolocTown.Config.Store.ExchangeStoreItemData::ToString()","IL_0009","13","{ RangedItem:"
"DolocTown.Config.Store.ExchangeStoreItemData","ToString","System.String DolocTown.Config.Store.ExchangeStoreItemData::ToString()","IL_0028","9",",Storage:"
"DolocTown.Config.Store.ExchangeStoreItemData","ToString","System.String DolocTown.Config.Store.ExchangeStoreItemData::ToString()","IL_0041","10",",GoldCost:"
"DolocTown.Config.Store.ExchangeStoreItemData","ToString","System.String DolocTown.Config.Store.ExchangeStoreItemData::ToString()","IL_005A","11",",ItemCosts:"
"DolocTown.Config.Store.ExchangeStoreItemData","ToString","System.String DolocTown.Config.Store.ExchangeStoreItemData::ToString()","IL_0070","22",",PreConditionItemName:"
"DolocTown.Config.Store.ExchangeStoreItemData","ToString","System.String DolocTown.Config.Store.ExchangeStoreItemData::ToString()","IL_0083","23",",PreConditionItemCount:"
"DolocTown.Config.Store.ExchangeStoreItemData","ToString","System.String DolocTown.Config.Store.ExchangeStoreItemData::ToString()","IL_009E","11",",TechPoint:"
"DolocTown.Config.Store.ExchangeStoreItemData","ToString","System.String DolocTown.Config.Store.ExchangeStoreItemData::ToString()","IL_00B9","15",",DefaultUnlock:"
"DolocTown.Config.Store.ExchangeStoreItemData","ToString","System.String DolocTown.Config.Store.ExchangeStoreItemData::ToString()","IL_00D4","2",",}"
"DolocTown.Config.Store.StoreInfo",".ctor","System.Void DolocTown.Config.Store.StoreInfo::.ctor(SimpleJSON.JSONNode)","IL_0007","2","id"
"DolocTown.Config.Store.StoreInfo",".ctor","System.Void DolocTown.Config.Store.StoreInfo::.ctor(SimpleJSON.JSONNode)","IL_0020","2","id"
"DolocTown.Config.Store.StoreInfo",".ctor","System.Void DolocTown.Config.Store.StoreInfo::.ctor(SimpleJSON.JSONNode)","IL_0035","5","title"
"DolocTown.Config.Store.StoreInfo",".ctor","System.Void DolocTown.Config.Store.StoreInfo::.ctor(SimpleJSON.JSONNode)","IL_003F","3","key"
"DolocTown.Config.Store.StoreInfo",".ctor","System.Void DolocTown.Config.Store.StoreInfo::.ctor(SimpleJSON.JSONNode)","IL_0058","5","title"
"DolocTown.Config.Store.StoreInfo",".ctor","System.Void DolocTown.Config.Store.StoreInfo::.ctor(SimpleJSON.JSONNode)","IL_0062","3","key"
"DolocTown.Config.Store.StoreInfo",".ctor","System.Void DolocTown.Config.Store.StoreInfo::.ctor(SimpleJSON.JSONNode)","IL_0077","5","title"
"DolocTown.Config.Store.StoreInfo",".ctor","System.Void DolocTown.Config.Store.StoreInfo::.ctor(SimpleJSON.JSONNode)","IL_0081","4","text"
"DolocTown.Config.Store.StoreInfo",".ctor","System.Void DolocTown.Config.Store.StoreInfo::.ctor(SimpleJSON.JSONNode)","IL_009A","5","title"
"DolocTown.Config.Store.StoreInfo",".ctor","System.Void DolocTown.Config.Store.StoreInfo::.ctor(SimpleJSON.JSONNode)","IL_00A4","4","text"
"DolocTown.Config.Store.StoreInfo",".ctor","System.Void DolocTown.Config.Store.StoreInfo::.ctor(SimpleJSON.JSONNode)","IL_00B9","10","init_money"
"DolocTown.Config.Store.StoreInfo",".ctor","System.Void DolocTown.Config.Store.StoreInfo::.ctor(SimpleJSON.JSONNode)","IL_00D2","10","init_money"
"DolocTown.Config.Store.StoreInfo",".ctor","System.Void DolocTown.Config.Store.StoreInfo::.ctor(SimpleJSON.JSONNode)","IL_00E7","16","init_money_range"
"DolocTown.Config.Store.StoreInfo",".ctor","System.Void DolocTown.Config.Store.StoreInfo::.ctor(SimpleJSON.JSONNode)","IL_015D","12","item_records"
"DolocTown.Config.Store.StoreInfo",".ctor","System.Void DolocTown.Config.Store.StoreInfo::.ctor(SimpleJSON.JSONNode)","IL_0176","12","item_records"
"DolocTown.Config.Store.StoreInfo",".ctor","System.Void DolocTown.Config.Store.StoreInfo::.ctor(SimpleJSON.JSONNode)","IL_018B","11","price_scale"
"DolocTown.Config.Store.StoreInfo",".ctor","System.Void DolocTown.Config.Store.StoreInfo::.ctor(SimpleJSON.JSONNode)","IL_01A4","11","price_scale"
"DolocTown.Config.Store.StoreInfo",".ctor","System.Void DolocTown.Config.Store.StoreInfo::.ctor(SimpleJSON.JSONNode)","IL_01B9","12","season_datas"
"DolocTown.Config.Store.StoreInfo","Resolve","System.Void DolocTown.Config.Store.StoreInfo::Resolve(System.Collections.Generic.Dictionary`2<System.String,System.Object>)","IL_0026","21","Store.TbStoreItemList"
"DolocTown.Config.Store.StoreInfo","Resolve","System.Void DolocTown.Config.Store.StoreInfo::Resolve(System.Collections.Generic.Dictionary`2<System.String,System.Object>)","IL_0047","23","Store.TbStorePriceScale"
"DolocTown.Config.Store.StoreInfo","ToString","System.String DolocTown.Config.Store.StoreInfo::ToString()","IL_0009","5","{ Id:"
"DolocTown.Config.Store.StoreInfo","ToString","System.String DolocTown.Config.Store.StoreInfo::ToString()","IL_001A","7",",Title:"
"DolocTown.Config.Store.StoreInfo","ToString","System.String DolocTown.Config.Store.StoreInfo::ToString()","IL_002B","11",",InitMoney:"
"DolocTown.Config.Store.StoreInfo","ToString","System.String DolocTown.Config.Store.StoreInfo::ToString()","IL_0044","16",",InitMoneyRange:"
"DolocTown.Config.Store.StoreInfo","ToString","System.String DolocTown.Config.Store.StoreInfo::ToString()","IL_005A","13",",ItemRecords:"
"DolocTown.Config.Store.StoreInfo","ToString","System.String DolocTown.Config.Store.StoreInfo::ToString()","IL_006D","12",",PriceScale:"
"DolocTown.Config.Store.StoreInfo","ToString","System.String DolocTown.Config.Store.StoreInfo::ToString()","IL_0080","13",",SeasonDatas:"
"DolocTown.Config.Store.StoreInfo","ToString","System.String DolocTown.Config.Store.StoreInfo::ToString()","IL_0098","2",",}"
"DolocTown.Config.Store.StoreItemListInfo",".ctor","System.Void DolocTown.Config.Store.StoreItemListInfo::.ctor(SimpleJSON.JSONNode)","IL_0012","2","id"
"DolocTown.Config.Store.StoreItemListInfo",".ctor","System.Void DolocTown.Config.Store.StoreItemListInfo::.ctor(SimpleJSON.JSONNode)","IL_002B","2","id"
"DolocTown.Config.Store.StoreItemListInfo",".ctor","System.Void DolocTown.Config.Store.StoreItemListInfo::.ctor(SimpleJSON.JSONNode)","IL_0040","9","item_list"
"DolocTown.Config.Store.StoreItemListInfo","ToString","System.String DolocTown.Config.Store.StoreItemListInfo::ToString()","IL_0008","5","{ Id:"
"DolocTown.Config.Store.StoreItemListInfo","ToString","System.String DolocTown.Config.Store.StoreItemListInfo::ToString()","IL_0019","10",",ItemList:"
"DolocTown.Config.Store.StoreItemListInfo","ToString","System.String DolocTown.Config.Store.StoreItemListInfo::ToString()","IL_002F","2",",}"
"DolocTown.Config.Store.StoreItemSeasonData",".ctor","System.Void DolocTown.Config.Store.StoreItemSeasonData::.ctor(SimpleJSON.JSONNode)","IL_0007","9","item_name"
"DolocTown.Config.Store.StoreItemSeasonData",".ctor","System.Void DolocTown.Config.Store.StoreItemSeasonData::.ctor(SimpleJSON.JSONNode)","IL_0020","9","item_name"
"DolocTown.Config.Store.StoreItemSeasonData",".ctor","System.Void DolocTown.Config.Store.StoreItemSeasonData::.ctor(SimpleJSON.JSONNode)","IL_0035","7","storage"
"DolocTown.Config.Store.StoreItemSeasonData",".ctor","System.Void DolocTown.Config.Store.StoreItemSeasonData::.ctor(SimpleJSON.JSONNode)","IL_004E","7","storage"
"DolocTown.Config.Store.StoreItemSeasonData",".ctor","System.Void DolocTown.Config.Store.StoreItemSeasonData::.ctor(SimpleJSON.JSONNode)","IL_0063","14","default_unlock"
"DolocTown.Config.Store.StoreItemSeasonData",".ctor","System.Void DolocTown.Config.Store.StoreItemSeasonData::.ctor(SimpleJSON.JSONNode)","IL_007C","14","default_unlock"
"DolocTown.Config.Store.StoreItemSeasonData",".ctor","System.Void DolocTown.Config.Store.StoreItemSeasonData::.ctor(SimpleJSON.JSONNode)","IL_0091","17","season_spawn_data"
"DolocTown.Config.Store.StoreItemSeasonData","Resolve","System.Void DolocTown.Config.Store.StoreItemSeasonData::Resolve(System.Collections.Generic.Dictionary`2<System.String,System.Object>)","IL_0002","11","Item.TbItem"
"DolocTown.Config.Store.StoreItemSeasonData","ToString","System.String DolocTown.Config.Store.StoreItemSeasonData::ToString()","IL_0009","11","{ ItemName:"
"DolocTown.Config.Store.StoreItemSeasonData","ToString","System.String DolocTown.Config.Store.StoreItemSeasonData::ToString()","IL_001A","9",",Storage:"
"DolocTown.Config.Store.StoreItemSeasonData","ToString","System.String DolocTown.Config.Store.StoreItemSeasonData::ToString()","IL_0033","15",",DefaultUnlock:"
"DolocTown.Config.Store.StoreItemSeasonData","ToString","System.String DolocTown.Config.Store.StoreItemSeasonData::ToString()","IL_004C","17",",SeasonSpawnData:"
"DolocTown.Config.Store.StoreItemSeasonData","ToString","System.String DolocTown.Config.Store.StoreItemSeasonData::ToString()","IL_0062","2",",}"
"DolocTown.Config.Store.StoreItemSpawnData",".ctor","System.Void DolocTown.Config.Store.StoreItemSpawnData::.ctor(SimpleJSON.JSONNode)","IL_0007","11","count_range"
"DolocTown.Config.Store.StoreItemSpawnData",".ctor","System.Void DolocTown.Config.Store.StoreItemSpawnData::.ctor(SimpleJSON.JSONNode)","IL_0020","11","count_range"
"DolocTown.Config.Store.StoreItemSpawnData",".ctor","System.Void DolocTown.Config.Store.StoreItemSpawnData::.ctor(SimpleJSON.JSONNode)","IL_0035","12","spawn_weight"
"DolocTown.Config.Store.StoreItemSpawnData",".ctor","System.Void DolocTown.Config.Store.StoreItemSpawnData::.ctor(SimpleJSON.JSONNode)","IL_004E","12","spawn_weight"
"DolocTown.Config.Store.StoreItemSpawnData","ToString","System.String DolocTown.Config.Store.StoreItemSpawnData::ToString()","IL_0008","13","{ CountRange:"
"DolocTown.Config.Store.StoreItemSpawnData","ToString","System.String DolocTown.Config.Store.StoreItemSpawnData::ToString()","IL_0025","13",",SpawnWeight:"
"DolocTown.Config.Store.StoreItemSpawnData","ToString","System.String DolocTown.Config.Store.StoreItemSpawnData::ToString()","IL_003E","2",",}"
"DolocTown.Config.Store.StoreItemUnlockInfo",".ctor","System.Void DolocTown.Config.Store.StoreItemUnlockInfo::.ctor(SimpleJSON.JSONNode)","IL_0007","2","id"
"DolocTown.Config.Store.StoreItemUnlockInfo",".ctor","System.Void DolocTown.Config.Store.StoreItemUnlockInfo::.ctor(SimpleJSON.JSONNode)","IL_0020","2","id"
"DolocTown.Config.Store.StoreItemUnlockInfo",".ctor","System.Void DolocTown.Config.Store.StoreItemUnlockInfo::.ctor(SimpleJSON.JSONNode)","IL_0035","14","condition_type"
"DolocTown.Config.Store.StoreItemUnlockInfo",".ctor","System.Void DolocTown.Config.Store.StoreItemUnlockInfo::.ctor(SimpleJSON.JSONNode)","IL_004E","14","condition_type"
"DolocTown.Config.Store.StoreItemUnlockInfo",".ctor","System.Void DolocTown.Config.Store.StoreItemUnlockInfo::.ctor(SimpleJSON.JSONNode)","IL_0063","8","store_id"
"DolocTown.Config.Store.StoreItemUnlockInfo",".ctor","System.Void DolocTown.Config.Store.StoreItemUnlockInfo::.ctor(SimpleJSON.JSONNode)","IL_007C","8","store_id"
"DolocTown.Config.Store.StoreItemUnlockInfo",".ctor","System.Void DolocTown.Config.Store.StoreItemUnlockInfo::.ctor(SimpleJSON.JSONNode)","IL_0091","16","unlock_item_name"
"DolocTown.Config.Store.StoreItemUnlockInfo",".ctor","System.Void DolocTown.Config.Store.StoreItemUnlockInfo::.ctor(SimpleJSON.JSONNode)","IL_00AA","16","unlock_item_name"
"DolocTown.Config.Store.StoreItemUnlockInfo","Resolve","System.Void DolocTown.Config.Store.StoreItemUnlockInfo::Resolve(System.Collections.Generic.Dictionary`2<System.String,System.Object>)","IL_0002","11","Item.TbItem"
"DolocTown.Config.Store.StoreItemUnlockInfo","ToString","System.String DolocTown.Config.Store.StoreItemUnlockInfo::ToString()","IL_0009","5","{ Id:"
"DolocTown.Config.Store.StoreItemUnlockInfo","ToString","System.String DolocTown.Config.Store.StoreItemUnlockInfo::ToString()","IL_001A","15",",ConditionType:"
"DolocTown.Config.Store.StoreItemUnlockInfo","ToString","System.String DolocTown.Config.Store.StoreItemUnlockInfo::ToString()","IL_0039","9",",StoreId:"
"DolocTown.Config.Store.StoreItemUnlockInfo","ToString","System.String DolocTown.Config.Store.StoreItemUnlockInfo::ToString()","IL_004A","16",",UnlockItemName:"
"DolocTown.Config.Store.StoreItemUnlockInfo","ToString","System.String DolocTown.Config.Store.StoreItemUnlockInfo::ToString()","IL_005B","2",",}"
"DolocTown.Config.Store.StorePriceScaleData",".ctor","System.Void DolocTown.Config.Store.StorePriceScaleData::.ctor(SimpleJSON.JSONNode)","IL_0012","13","default_scale"
"DolocTown.Config.Store.StorePriceScaleData",".ctor","System.Void DolocTown.Config.Store.StorePriceScaleData::.ctor(SimpleJSON.JSONNode)","IL_002B","13","default_scale"
"DolocTown.Config.Store.StorePriceScaleData",".ctor","System.Void DolocTown.Config.Store.StorePriceScaleData::.ctor(SimpleJSON.JSONNode)","IL_0040","13","scale_by_type"
"DolocTown.Config.Store.StorePriceScaleData","ToString","System.String DolocTown.Config.Store.StorePriceScaleData::ToString()","IL_0008","15","{ DefaultScale:"
"DolocTown.Config.Store.StorePriceScaleData","ToString","System.String DolocTown.Config.Store.StorePriceScaleData::ToString()","IL_0021","13",",ScaleByType:"
"DolocTown.Config.Store.StorePriceScaleData","ToString","System.String DolocTown.Config.Store.StorePriceScaleData::ToString()","IL_0037","2",",}"
"DolocTown.Config.Store.StorePriceScaleInfo",".ctor","System.Void DolocTown.Config.Store.StorePriceScaleInfo::.ctor(SimpleJSON.JSONNode)","IL_0007","2","id"
"DolocTown.Config.Store.StorePriceScaleInfo",".ctor","System.Void DolocTown.Config.Store.StorePriceScaleInfo::.ctor(SimpleJSON.JSONNode)","IL_0020","2","id"
"DolocTown.Config.Store.StorePriceScaleInfo",".ctor","System.Void DolocTown.Config.Store.StorePriceScaleInfo::.ctor(SimpleJSON.JSONNode)","IL_0035","18","season_price_scale"
"DolocTown.Config.Store.StorePriceScaleInfo","ToString","System.String DolocTown.Config.Store.StorePriceScaleInfo::ToString()","IL_0008","5","{ Id:"
"DolocTown.Config.Store.StorePriceScaleInfo","ToString","System.String DolocTown.Config.Store.StorePriceScaleInfo::ToString()","IL_0019","18",",SeasonPriceScale:"
"DolocTown.Config.Store.StorePriceScaleInfo","ToString","System.String DolocTown.Config.Store.StorePriceScaleInfo::ToString()","IL_002F","2",",}"
"DolocTown.Config.Store.StoreScaleOfType",".ctor","System.Void DolocTown.Config.Store.StoreScaleOfType::.ctor(SimpleJSON.JSONNode)","IL_0007","13","item_sub_type"
"DolocTown.Config.Store.StoreScaleOfType",".ctor","System.Void DolocTown.Config.Store.StoreScaleOfType::.ctor(SimpleJSON.JSONNode)","IL_0020","13","item_sub_type"
"DolocTown.Config.Store.StoreScaleOfType",".ctor","System.Void DolocTown.Config.Store.StoreScaleOfType::.ctor(SimpleJSON.JSONNode)","IL_0035","11","price_scale"
"DolocTown.Config.Store.StoreScaleOfType",".ctor","System.Void DolocTown.Config.Store.StoreScaleOfType::.ctor(SimpleJSON.JSONNode)","IL_004E","11","price_scale"
"DolocTown.Config.Store.StoreScaleOfType","Resolve","System.Void DolocTown.Config.Store.StoreScaleOfType::Resolve(System.Collections.Generic.Dictionary`2<System.String,System.Object>)","IL_0002","18","Item.TbItemSubType"
"DolocTown.Config.Store.StoreScaleOfType","ToString","System.String DolocTown.Config.Store.StoreScaleOfType::ToString()","IL_0008","14","{ ItemSubType:"
"DolocTown.Config.Store.StoreScaleOfType","ToString","System.String DolocTown.Config.Store.StoreScaleOfType::ToString()","IL_0019","12",",PriceScale:"
"DolocTown.Config.Store.StoreScaleOfType","ToString","System.String DolocTown.Config.Store.StoreScaleOfType::ToString()","IL_0032","2",",}"
"DolocTown.Config.Store.StoreSeasonData",".ctor","System.Void DolocTown.Config.Store.StoreSeasonData::.ctor(SimpleJSON.JSONNode)","IL_0007","18","random_slots_range"
"DolocTown.Config.Store.StoreSeasonData",".ctor","System.Void DolocTown.Config.Store.StoreSeasonData::.ctor(SimpleJSON.JSONNode)","IL_0020","18","random_slots_range"
"DolocTown.Config.Store.StoreSeasonData","ToString","System.String DolocTown.Config.Store.StoreSeasonData::ToString()","IL_0000","19","{ RandomSlotsRange:"
"DolocTown.Config.Store.StoreSeasonData","ToString","System.String DolocTown.Config.Store.StoreSeasonData::ToString()","IL_0017","2",",}"
"DolocTown.Config.Store.TbExchangeStore",".ctor","System.Void DolocTown.Config.Store.TbExchangeStore::.ctor(SimpleJSON.JSONNode)","IL_0058","24","[Config] Duplicate key: "
"DolocTown.Config.Store.TbExchangeStore",".ctor","System.Void DolocTown.Config.Store.TbExchangeStore::.ctor(SimpleJSON.JSONNode)","IL_0063","26"," in table: TbExchangeStore"
"DolocTown.Config.Store.TbStore",".ctor","System.Void DolocTown.Config.Store.TbStore::.ctor(SimpleJSON.JSONNode)","IL_0058","24","[Config] Duplicate key: "
"DolocTown.Config.Store.TbStore",".ctor","System.Void DolocTown.Config.Store.TbStore::.ctor(SimpleJSON.JSONNode)","IL_0063","18"," in table: TbStore"
"DolocTown.Config.Store.TbStoreItemList",".ctor","System.Void DolocTown.Config.Store.TbStoreItemList::.ctor(SimpleJSON.JSONNode)","IL_0058","24","[Config] Duplicate key: "
"DolocTown.Config.Store.TbStoreItemList",".ctor","System.Void DolocTown.Config.Store.TbStoreItemList::.ctor(SimpleJSON.JSONNode)","IL_0063","26"," in table: TbStoreItemList"
"DolocTown.Config.Store.TbStoreItemUnlock",".ctor","System.Void DolocTown.Config.Store.TbStoreItemUnlock::.ctor(SimpleJSON.JSONNode)","IL_0058","24","[Config] Duplicate key: "
"DolocTown.Config.Store.TbStoreItemUnlock",".ctor","System.Void DolocTown.Config.Store.TbStoreItemUnlock::.ctor(SimpleJSON.JSONNode)","IL_0063","28"," in table: TbStoreItemUnlock"
"DolocTown.Config.Store.TbStorePriceScale",".ctor","System.Void DolocTown.Config.Store.TbStorePriceScale::.ctor(SimpleJSON.JSONNode)","IL_0058","24","[Config] Duplicate key: "
"DolocTown.Config.Store.TbStorePriceScale",".ctor","System.Void DolocTown.Config.Store.TbStorePriceScale::.ctor(SimpleJSON.JSONNode)","IL_0063","28"," in table: TbStorePriceScale"
"DolocTown.Config.Settings.GlobalParameterInfo",".ctor","System.Void DolocTown.Config.Settings.GlobalParameterInfo::.ctor(SimpleJSON.JSONNode)","IL_05DE","14","seed_store_ids"
"DolocTown.Config.Settings.GlobalParameterInfo",".ctor","System.Void DolocTown.Config.Settings.GlobalParameterInfo::.ctor(SimpleJSON.JSONNode)","IL_065B","21","items_can_not_buyback"
"DolocTown.Config.Settings.GlobalParameterInfo","Resolve","System.Void DolocTown.Config.Settings.GlobalParameterInfo::Resolve(System.Collections.Generic.Dictionary`2<System.String,System.Object>)","IL_0169","13","Store.TbStore"
"DolocTown.Config.Settings.GlobalParameterInfo","ToString","System.String DolocTown.Config.Settings.GlobalParameterInfo::ToString()","IL_02D9","14",",SeedStoreIds:"
"DolocTown.Config.Settings.GlobalParameterInfo","ToString","System.String DolocTown.Config.Settings.GlobalParameterInfo::ToString()","IL_02F1","20",",ItemsCanNotBuyback:"
"DolocTown.Config.Mod.ModExchangeStoreExtensionInfo",".ctor","System.Void DolocTown.Config.Mod.ModExchangeStoreExtensionInfo::.ctor(SimpleJSON.JSONNode)","IL_0007","2","id"
"DolocTown.Config.Mod.ModExchangeStoreExtensionInfo",".ctor","System.Void DolocTown.Config.Mod.ModExchangeStoreExtensionInfo::.ctor(SimpleJSON.JSONNode)","IL_0020","2","id"
"DolocTown.Config.Mod.ModExchangeStoreExtensionInfo",".ctor","System.Void DolocTown.Config.Mod.ModExchangeStoreExtensionInfo::.ctor(SimpleJSON.JSONNode)","IL_0035","11","extra_items"
"DolocTown.Config.Mod.ModExchangeStoreExtensionInfo","Resolve","System.Void DolocTown.Config.Mod.ModExchangeStoreExtensionInfo::Resolve(System.Collections.Generic.Dictionary`2<System.String,System.Object>)","IL_0002","21","Store.TbExchangeStore"
"DolocTown.Config.Mod.ModExchangeStoreExtensionInfo","ToString","System.String DolocTown.Config.Mod.ModExchangeStoreExtensionInfo::ToString()","IL_0008","5","{ Id:"
"DolocTown.Config.Mod.ModExchangeStoreExtensionInfo","ToString","System.String DolocTown.Config.Mod.ModExchangeStoreExtensionInfo::ToString()","IL_0019","12",",ExtraItems:"
"DolocTown.Config.Mod.ModExchangeStoreExtensionInfo","ToString","System.String DolocTown.Config.Mod.ModExchangeStoreExtensionInfo::ToString()","IL_002F","2",",}"
"DolocTown.Config.Mod.ModStoreExtensionInfo",".ctor","System.Void DolocTown.Config.Mod.ModStoreExtensionInfo::.ctor(SimpleJSON.JSONNode)","IL_0012","2","id"
"DolocTown.Config.Mod.ModStoreExtensionInfo",".ctor","System.Void DolocTown.Config.Mod.ModStoreExtensionInfo::.ctor(SimpleJSON.JSONNode)","IL_002B","2","id"
"DolocTown.Config.Mod.ModStoreExtensionInfo",".ctor","System.Void DolocTown.Config.Mod.ModStoreExtensionInfo::.ctor(SimpleJSON.JSONNode)","IL_0040","11","extra_items"
"DolocTown.Config.Mod.ModStoreExtensionInfo","Resolve","System.Void DolocTown.Config.Mod.ModStoreExtensionInfo::Resolve(System.Collections.Generic.Dictionary`2<System.String,System.Object>)","IL_0002","13","Store.TbStore"
"DolocTown.Config.Mod.ModStoreExtensionInfo","ToString","System.String DolocTown.Config.Mod.ModStoreExtensionInfo::ToString()","IL_0008","5","{ Id:"
"DolocTown.Config.Mod.ModStoreExtensionInfo","ToString","System.String DolocTown.Config.Mod.ModStoreExtensionInfo::ToString()","IL_0019","12",",ExtraItems:"
"DolocTown.Config.Mod.ModStoreExtensionInfo","ToString","System.String DolocTown.Config.Mod.ModStoreExtensionInfo::ToString()","IL_002F","2",",}"
"DolocTown.Config.Localization.StaticTextInfo",".ctor","System.Void DolocTown.Config.Localization.StaticTextInfo::.ctor(SimpleJSON.JSONNode)","IL_1DEF","10","ui_tip_buy"
"DolocTown.Config.Localization.StaticTextInfo",".ctor","System.Void DolocTown.Config.Localization.StaticTextInfo::.ctor(SimpleJSON.JSONNode)","IL_1E12","10","ui_tip_buy"
"DolocTown.Config.Localization.StaticTextInfo",".ctor","System.Void DolocTown.Config.Localization.StaticTextInfo::.ctor(SimpleJSON.JSONNode)","IL_1E31","10","ui_tip_buy"
"DolocTown.Config.Localization.StaticTextInfo",".ctor","System.Void DolocTown.Config.Localization.StaticTextInfo::.ctor(SimpleJSON.JSONNode)","IL_1E54","10","ui_tip_buy"
"DolocTown.Config.Localization.StaticTextInfo",".ctor","System.Void DolocTown.Config.Localization.StaticTextInfo::.ctor(SimpleJSON.JSONNode)","IL_1E73","19","ui_tip_sell_confirm"
"DolocTown.Config.Localization.StaticTextInfo",".ctor","System.Void DolocTown.Config.Localization.StaticTextInfo::.ctor(SimpleJSON.JSONNode)","IL_1E96","19","ui_tip_sell_confirm"
"DolocTown.Config.Localization.StaticTextInfo",".ctor","System.Void DolocTown.Config.Localization.StaticTextInfo::.ctor(SimpleJSON.JSONNode)","IL_1EB5","19","ui_tip_sell_confirm"
"DolocTown.Config.Localization.StaticTextInfo",".ctor","System.Void DolocTown.Config.Localization.StaticTextInfo::.ctor(SimpleJSON.JSONNode)","IL_1ED8","19","ui_tip_sell_confirm"
"DolocTown.Config.Localization.StaticTextInfo",".ctor","System.Void DolocTown.Config.Localization.StaticTextInfo::.ctor(SimpleJSON.JSONNode)","IL_1EF7","11","ui_tip_sell"
"DolocTown.Config.Localization.StaticTextInfo",".ctor","System.Void DolocTown.Config.Localization.StaticTextInfo::.ctor(SimpleJSON.JSONNode)","IL_1F1A","11","ui_tip_sell"
"DolocTown.Config.Localization.StaticTextInfo",".ctor","System.Void DolocTown.Config.Localization.StaticTextInfo::.ctor(SimpleJSON.JSONNode)","IL_1F39","11","ui_tip_sell"
"DolocTown.Config.Localization.StaticTextInfo",".ctor","System.Void DolocTown.Config.Localization.StaticTextInfo::.ctor(SimpleJSON.JSONNode)","IL_1F5C","11","ui_tip_sell"
"DolocTown.Config.Localization.StaticTextInfo",".ctor","System.Void DolocTown.Config.Localization.StaticTextInfo::.ctor(SimpleJSON.JSONNode)","IL_1F7B","18","ui_tip_buy_confirm"
"DolocTown.Config.Localization.StaticTextInfo",".ctor","System.Void DolocTown.Config.Localization.StaticTextInfo::.ctor(SimpleJSON.JSONNode)","IL_1F9E","18","ui_tip_buy_confirm"
"DolocTown.Config.Localization.StaticTextInfo",".ctor","System.Void DolocTown.Config.Localization.StaticTextInfo::.ctor(SimpleJSON.JSONNode)","IL_1FBD","18","ui_tip_buy_confirm"
"DolocTown.Config.Localization.StaticTextInfo",".ctor","System.Void DolocTown.Config.Localization.StaticTextInfo::.ctor(SimpleJSON.JSONNode)","IL_1FE0","18","ui_tip_buy_confirm"
"DolocTown.Config.Localization.StaticTextInfo",".ctor","System.Void DolocTown.Config.Localization.StaticTextInfo::.ctor(SimpleJSON.JSONNode)","IL_3733","14","ui_tip_buy_one"
"DolocTown.Config.Localization.StaticTextInfo",".ctor","System.Void DolocTown.Config.Localization.StaticTextInfo::.ctor(SimpleJSON.JSONNode)","IL_3756","14","ui_tip_buy_one"
"DolocTown.Config.Localization.StaticTextInfo",".ctor","System.Void DolocTown.Config.Localization.StaticTextInfo::.ctor(SimpleJSON.JSONNode)","IL_3775","14","ui_tip_buy_one"
"DolocTown.Config.Localization.StaticTextInfo",".ctor","System.Void DolocTown.Config.Localization.StaticTextInfo::.ctor(SimpleJSON.JSONNode)","IL_3798","14","ui_tip_buy_one"
"DolocTown.Config.Localization.StaticTextInfo",".ctor","System.Void DolocTown.Config.Localization.StaticTextInfo::.ctor(SimpleJSON.JSONNode)","IL_37B7","22","ui_tip_buy_all_gamepad"
"DolocTown.Config.Localization.StaticTextInfo",".ctor","System.Void DolocTown.Config.Localization.StaticTextInfo::.ctor(SimpleJSON.JSONNode)","IL_37DA","22","ui_tip_buy_all_gamepad"
"DolocTown.Config.Localization.StaticTextInfo",".ctor","System.Void DolocTown.Config.Localization.StaticTextInfo::.ctor(SimpleJSON.JSONNode)","IL_37F9","22","ui_tip_buy_all_gamepad"
"DolocTown.Config.Localization.StaticTextInfo",".ctor","System.Void DolocTown.Config.Localization.StaticTextInfo::.ctor(SimpleJSON.JSONNode)","IL_381C","22","ui_tip_buy_all_gamepad"
"DolocTown.Config.Localization.StaticTextInfo",".ctor","System.Void DolocTown.Config.Localization.StaticTextInfo::.ctor(SimpleJSON.JSONNode)","IL_383B","15","ui_tip_sell_one"
"DolocTown.Config.Localization.StaticTextInfo",".ctor","System.Void DolocTown.Config.Localization.StaticTextInfo::.ctor(SimpleJSON.JSONNode)","IL_385E","15","ui_tip_sell_one"
"DolocTown.Config.Localization.StaticTextInfo",".ctor","System.Void DolocTown.Config.Localization.StaticTextInfo::.ctor(SimpleJSON.JSONNode)","IL_387D","15","ui_tip_sell_one"
"DolocTown.Config.Localization.StaticTextInfo",".ctor","System.Void DolocTown.Config.Localization.StaticTextInfo::.ctor(SimpleJSON.JSONNode)","IL_38A0","15","ui_tip_sell_one"
"DolocTown.Config.Localization.StaticTextInfo",".ctor","System.Void DolocTown.Config.Localization.StaticTextInfo::.ctor(SimpleJSON.JSONNode)","IL_38BF","15","ui_tip_sell_all"
"DolocTown.Config.Localization.StaticTextInfo",".ctor","System.Void DolocTown.Config.Localization.StaticTextInfo::.ctor(SimpleJSON.JSONNode)","IL_38E2","15","ui_tip_sell_all"
"DolocTown.Config.Localization.StaticTextInfo",".ctor","System.Void DolocTown.Config.Localization.StaticTextInfo::.ctor(SimpleJSON.JSONNode)","IL_3901","15","ui_tip_sell_all"
"DolocTown.Config.Localization.StaticTextInfo",".ctor","System.Void DolocTown.Config.Localization.StaticTextInfo::.ctor(SimpleJSON.JSONNode)","IL_3924","15","ui_tip_sell_all"
"DolocTown.Config.Localization.StaticTextInfo",".ctor","System.Void DolocTown.Config.Localization.StaticTextInfo::.ctor(SimpleJSON.JSONNode)","IL_66A3","17","ui_operation_sell"
"DolocTown.Config.Localization.StaticTextInfo",".ctor","System.Void DolocTown.Config.Localization.StaticTextInfo::.ctor(SimpleJSON.JSONNode)","IL_66C6","17","ui_operation_sell"
"DolocTown.Config.Localization.StaticTextInfo",".ctor","System.Void DolocTown.Config.Localization.StaticTextInfo::.ctor(SimpleJSON.JSONNode)","IL_66E5","17","ui_operation_sell"
"DolocTown.Config.Localization.StaticTextInfo",".ctor","System.Void DolocTown.Config.Localization.StaticTextInfo::.ctor(SimpleJSON.JSONNode)","IL_6708","17","ui_operation_sell"
"DolocTown.Config.Localization.StaticTextInfo",".ctor","System.Void DolocTown.Config.Localization.StaticTextInfo::.ctor(SimpleJSON.JSONNode)","IL_6CD3","29","store_player_money_not_enough"
"DolocTown.Config.Localization.StaticTextInfo",".ctor","System.Void DolocTown.Config.Localization.StaticTextInfo::.ctor(SimpleJSON.JSONNode)","IL_6CF6","29","store_player_money_not_enough"
"DolocTown.Config.Localization.StaticTextInfo",".ctor","System.Void DolocTown.Config.Localization.StaticTextInfo::.ctor(SimpleJSON.JSONNode)","IL_6D15","29","store_player_money_not_enough"
"DolocTown.Config.Localization.StaticTextInfo",".ctor","System.Void DolocTown.Config.Localization.StaticTextInfo::.ctor(SimpleJSON.JSONNode)","IL_6D38","29","store_player_money_not_enough"
"DolocTown.Config.Localization.StaticTextInfo",".ctor","System.Void DolocTown.Config.Localization.StaticTextInfo::.ctor(SimpleJSON.JSONNode)","IL_6D57","28","store_store_money_not_enough"
"DolocTown.Config.Localization.StaticTextInfo",".ctor","System.Void DolocTown.Config.Localization.StaticTextInfo::.ctor(SimpleJSON.JSONNode)","IL_6D7A","28","store_store_money_not_enough"
"DolocTown.Config.Localization.StaticTextInfo",".ctor","System.Void DolocTown.Config.Localization.StaticTextInfo::.ctor(SimpleJSON.JSONNode)","IL_6D99","28","store_store_money_not_enough"
"DolocTown.Config.Localization.StaticTextInfo",".ctor","System.Void DolocTown.Config.Localization.StaticTextInfo::.ctor(SimpleJSON.JSONNode)","IL_6DBC","28","store_store_money_not_enough"
"DolocTown.Config.Localization.StaticTextInfo",".ctor","System.Void DolocTown.Config.Localization.StaticTextInfo::.ctor(SimpleJSON.JSONNode)","IL_6DDB","23","store_item_not_saleable"
"DolocTown.Config.Localization.StaticTextInfo",".ctor","System.Void DolocTown.Config.Localization.StaticTextInfo::.ctor(SimpleJSON.JSONNode)","IL_6DFE","23","store_item_not_saleable"
"DolocTown.Config.Localization.StaticTextInfo",".ctor","System.Void DolocTown.Config.Localization.StaticTextInfo::.ctor(SimpleJSON.JSONNode)","IL_6E1D","23","store_item_not_saleable"
"DolocTown.Config.Localization.StaticTextInfo",".ctor","System.Void DolocTown.Config.Localization.StaticTextInfo::.ctor(SimpleJSON.JSONNode)","IL_6E40","23","store_item_not_saleable"
"DolocTown.Config.Localization.StaticTextInfo",".ctor","System.Void DolocTown.Config.Localization.StaticTextInfo::.ctor(SimpleJSON.JSONNode)","IL_6E5F","19","store_item_sold_out"
"DolocTown.Config.Localization.StaticTextInfo",".ctor","System.Void DolocTown.Config.Localization.StaticTextInfo::.ctor(SimpleJSON.JSONNode)","IL_6E82","19","store_item_sold_out"
"DolocTown.Config.Localization.StaticTextInfo",".ctor","System.Void DolocTown.Config.Localization.StaticTextInfo::.ctor(SimpleJSON.JSONNode)","IL_6EA1","19","store_item_sold_out"
"DolocTown.Config.Localization.StaticTextInfo",".ctor","System.Void DolocTown.Config.Localization.StaticTextInfo::.ctor(SimpleJSON.JSONNode)","IL_6EC4","19","store_item_sold_out"
"DolocTown.Config.Localization.StaticTextInfo",".ctor","System.Void DolocTown.Config.Localization.StaticTextInfo::.ctor(SimpleJSON.JSONNode)","IL_6EE3","19","store_lack_of_asset"
"DolocTown.Config.Localization.StaticTextInfo",".ctor","System.Void DolocTown.Config.Localization.StaticTextInfo::.ctor(SimpleJSON.JSONNode)","IL_6F06","19","store_lack_of_asset"
"DolocTown.Config.Localization.StaticTextInfo",".ctor","System.Void DolocTown.Config.Localization.StaticTextInfo::.ctor(SimpleJSON.JSONNode)","IL_6F25","19","store_lack_of_asset"
"DolocTown.Config.Localization.StaticTextInfo",".ctor","System.Void DolocTown.Config.Localization.StaticTextInfo::.ctor(SimpleJSON.JSONNode)","IL_6F48","19","store_lack_of_asset"
"DolocTown.Config.Localization.StaticTextInfo",".ctor","System.Void DolocTown.Config.Localization.StaticTextInfo::.ctor(SimpleJSON.JSONNode)","IL_6F67","19","store_upgrade_price"
"DolocTown.Config.Localization.StaticTextInfo",".ctor","System.Void DolocTown.Config.Localization.StaticTextInfo::.ctor(SimpleJSON.JSONNode)","IL_6F8A","19","store_upgrade_price"
"DolocTown.Config.Localization.StaticTextInfo",".ctor","System.Void DolocTown.Config.Localization.StaticTextInfo::.ctor(SimpleJSON.JSONNode)","IL_6FA9","19","store_upgrade_price"
"DolocTown.Config.Localization.StaticTextInfo",".ctor","System.Void DolocTown.Config.Localization.StaticTextInfo::.ctor(SimpleJSON.JSONNode)","IL_6FCC","19","store_upgrade_price"
"DolocTown.Config.Localization.StaticTextInfo",".ctor","System.Void DolocTown.Config.Localization.StaticTextInfo::.ctor(SimpleJSON.JSONNode)","IL_6FEB","21","store_upgrade_confirm"
"DolocTown.Config.Localization.StaticTextInfo",".ctor","System.Void DolocTown.Config.Localization.StaticTextInfo::.ctor(SimpleJSON.JSONNode)","IL_700E","21","store_upgrade_confirm"
"DolocTown.Config.Localization.StaticTextInfo",".ctor","System.Void DolocTown.Config.Localization.StaticTextInfo::.ctor(SimpleJSON.JSONNode)","IL_702D","21","store_upgrade_confirm"
"DolocTown.Config.Localization.StaticTextInfo",".ctor","System.Void DolocTown.Config.Localization.StaticTextInfo::.ctor(SimpleJSON.JSONNode)","IL_7050","21","store_upgrade_confirm"
"DolocTown.Config.Localization.StaticTextInfo",".ctor","System.Void DolocTown.Config.Localization.StaticTextInfo::.ctor(SimpleJSON.JSONNode)","IL_706F","19","store_sold_out_icon"
"DolocTown.Config.Localization.StaticTextInfo",".ctor","System.Void DolocTown.Config.Localization.StaticTextInfo::.ctor(SimpleJSON.JSONNode)","IL_7092","19","store_sold_out_icon"
"DolocTown.Config.Localization.StaticTextInfo",".ctor","System.Void DolocTown.Config.Localization.StaticTextInfo::.ctor(SimpleJSON.JSONNode)","IL_70B1","19","store_sold_out_icon"
"DolocTown.Config.Localization.StaticTextInfo",".ctor","System.Void DolocTown.Config.Localization.StaticTextInfo::.ctor(SimpleJSON.JSONNode)","IL_70D4","19","store_sold_out_icon"
"DolocTown.Config.Localization.StaticTextInfo",".ctor","System.Void DolocTown.Config.Localization.StaticTextInfo::.ctor(SimpleJSON.JSONNode)","IL_70F3","24","store_upgrade_empty_info"
"DolocTown.Config.Localization.StaticTextInfo",".ctor","System.Void DolocTown.Config.Localization.StaticTextInfo::.ctor(SimpleJSON.JSONNode)","IL_7116","24","store_upgrade_empty_info"
"DolocTown.Config.Localization.StaticTextInfo",".ctor","System.Void DolocTown.Config.Localization.StaticTextInfo::.ctor(SimpleJSON.JSONNode)","IL_7135","24","store_upgrade_empty_info"
"DolocTown.Config.Localization.StaticTextInfo",".ctor","System.Void DolocTown.Config.Localization.StaticTextInfo::.ctor(SimpleJSON.JSONNode)","IL_7158","24","store_upgrade_empty_info"
"DolocTown.Config.Localization.StaticTextInfo",".ctor","System.Void DolocTown.Config.Localization.StaticTextInfo::.ctor(SimpleJSON.JSONNode)","IL_7177","31","store_item_not_saleable_comment"
"DolocTown.Config.Localization.StaticTextInfo",".ctor","System.Void DolocTown.Config.Localization.StaticTextInfo::.ctor(SimpleJSON.JSONNode)","IL_719A","31","store_item_not_saleable_comment"
"DolocTown.Config.Localization.StaticTextInfo",".ctor","System.Void DolocTown.Config.Localization.StaticTextInfo::.ctor(SimpleJSON.JSONNode)","IL_71B9","31","store_item_not_saleable_comment"
"DolocTown.Config.Localization.StaticTextInfo",".ctor","System.Void DolocTown.Config.Localization.StaticTextInfo::.ctor(SimpleJSON.JSONNode)","IL_71DC","31","store_item_not_saleable_comment"
"DolocTown.Config.Localization.StaticTextInfo",".ctor","System.Void DolocTown.Config.Localization.StaticTextInfo::.ctor(SimpleJSON.JSONNode)","IL_71FB","29","store_quantity_submit_selling"
"DolocTown.Config.Localization.StaticTextInfo",".ctor","System.Void DolocTown.Config.Localization.StaticTextInfo::.ctor(SimpleJSON.JSONNode)","IL_721E","29","store_quantity_submit_selling"
"DolocTown.Config.Localization.StaticTextInfo",".ctor","System.Void DolocTown.Config.Localization.StaticTextInfo::.ctor(SimpleJSON.JSONNode)","IL_723D","29","store_quantity_submit_selling"
"DolocTown.Config.Localization.StaticTextInfo",".ctor","System.Void DolocTown.Config.Localization.StaticTextInfo::.ctor(SimpleJSON.JSONNode)","IL_7260","29","store_quantity_submit_selling"
"DolocTown.Config.Localization.StaticTextInfo",".ctor","System.Void DolocTown.Config.Localization.StaticTextInfo::.ctor(SimpleJSON.JSONNode)","IL_727F","43","store_quantity_submit_current_money_selling"
"DolocTown.Config.Localization.StaticTextInfo",".ctor","System.Void DolocTown.Config.Localization.StaticTextInfo::.ctor(SimpleJSON.JSONNode)","IL_72A2","43","store_quantity_submit_current_money_selling"
"DolocTown.Config.Localization.StaticTextInfo",".ctor","System.Void DolocTown.Config.Localization.StaticTextInfo::.ctor(SimpleJSON.JSONNode)","IL_72C1","43","store_quantity_submit_current_money_selling"
"DolocTown.Config.Localization.StaticTextInfo",".ctor","System.Void DolocTown.Config.Localization.StaticTextInfo::.ctor(SimpleJSON.JSONNode)","IL_72E4","43","store_quantity_submit_current_money_selling"
"DolocTown.Config.Localization.StaticTextInfo",".ctor","System.Void DolocTown.Config.Localization.StaticTextInfo::.ctor(SimpleJSON.JSONNode)","IL_7303","41","store_quantity_submit_total_money_selling"
"DolocTown.Config.Localization.StaticTextInfo",".ctor","System.Void DolocTown.Config.Localization.StaticTextInfo::.ctor(SimpleJSON.JSONNode)","IL_7326","41","store_quantity_submit_total_money_selling"
"DolocTown.Config.Localization.StaticTextInfo",".ctor","System.Void DolocTown.Config.Localization.StaticTextInfo::.ctor(SimpleJSON.JSONNode)","IL_7345","41","store_quantity_submit_total_money_selling"
"DolocTown.Config.Localization.StaticTextInfo",".ctor","System.Void DolocTown.Config.Localization.StaticTextInfo::.ctor(SimpleJSON.JSONNode)","IL_7368","41","store_quantity_submit_total_money_selling"
"DolocTown.Config.Localization.StaticTextInfo",".ctor","System.Void DolocTown.Config.Localization.StaticTextInfo::.ctor(SimpleJSON.JSONNode)","IL_7387","28","store_quantity_submit_buying"
"DolocTown.Config.Localization.StaticTextInfo",".ctor","System.Void DolocTown.Config.Localization.StaticTextInfo::.ctor(SimpleJSON.JSONNode)","IL_73AA","28","store_quantity_submit_buying"
"DolocTown.Config.Localization.StaticTextInfo",".ctor","System.Void DolocTown.Config.Localization.StaticTextInfo::.ctor(SimpleJSON.JSONNode)","IL_73C9","28","store_quantity_submit_buying"
"DolocTown.Config.Localization.StaticTextInfo",".ctor","System.Void DolocTown.Config.Localization.StaticTextInfo::.ctor(SimpleJSON.JSONNode)","IL_73EC","28","store_quantity_submit_buying"
"DolocTown.Config.Localization.StaticTextInfo",".ctor","System.Void DolocTown.Config.Localization.StaticTextInfo::.ctor(SimpleJSON.JSONNode)","IL_740B","42","store_quantity_submit_current_money_buying"
"DolocTown.Config.Localization.StaticTextInfo",".ctor","System.Void DolocTown.Config.Localization.StaticTextInfo::.ctor(SimpleJSON.JSONNode)","IL_742E","42","store_quantity_submit_current_money_buying"
"DolocTown.Config.Localization.StaticTextInfo",".ctor","System.Void DolocTown.Config.Localization.StaticTextInfo::.ctor(SimpleJSON.JSONNode)","IL_744D","42","store_quantity_submit_current_money_buying"
"DolocTown.Config.Localization.StaticTextInfo",".ctor","System.Void DolocTown.Config.Localization.StaticTextInfo::.ctor(SimpleJSON.JSONNode)","IL_7470","42","store_quantity_submit_current_money_buying"
"DolocTown.Config.Localization.StaticTextInfo",".ctor","System.Void DolocTown.Config.Localization.StaticTextInfo::.ctor(SimpleJSON.JSONNode)","IL_748F","40","store_quantity_submit_total_money_buying"
"DolocTown.Config.Localization.StaticTextInfo",".ctor","System.Void DolocTown.Config.Localization.StaticTextInfo::.ctor(SimpleJSON.JSONNode)","IL_74B2","40","store_quantity_submit_total_money_buying"
"DolocTown.Config.Localization.StaticTextInfo",".ctor","System.Void DolocTown.Config.Localization.StaticTextInfo::.ctor(SimpleJSON.JSONNode)","IL_74D1","40","store_quantity_submit_total_money_buying"
"DolocTown.Config.Localization.StaticTextInfo",".ctor","System.Void DolocTown.Config.Localization.StaticTextInfo::.ctor(SimpleJSON.JSONNode)","IL_74F4","40","store_quantity_submit_total_money_buying"
"DolocTown.Config.Localization.StaticTextInfo",".ctor","System.Void DolocTown.Config.Localization.StaticTextInfo::.ctor(SimpleJSON.JSONNode)","IL_7513","35","store_quantity_submit_count_in_back"
"DolocTown.Config.Localization.StaticTextInfo",".ctor","System.Void DolocTown.Config.Localization.StaticTextInfo::.ctor(SimpleJSON.JSONNode)","IL_7536","35","store_quantity_submit_count_in_back"
"DolocTown.Config.Localization.StaticTextInfo",".ctor","System.Void DolocTown.Config.Localization.StaticTextInfo::.ctor(SimpleJSON.JSONNode)","IL_7555","35","store_quantity_submit_count_in_back"
"DolocTown.Config.Localization.StaticTextInfo",".ctor","System.Void DolocTown.Config.Localization.StaticTextInfo::.ctor(SimpleJSON.JSONNode)","IL_7578","35","store_quantity_submit_count_in_back"
"DolocTown.Config.Localization.StaticTextInfo",".ctor","System.Void DolocTown.Config.Localization.StaticTextInfo::.ctor(SimpleJSON.JSONNode)","IL_7597","32","store_quantity_submit_unit_price"
"DolocTown.Config.Localization.StaticTextInfo",".ctor","System.Void DolocTown.Config.Localization.StaticTextInfo::.ctor(SimpleJSON.JSONNode)","IL_75BA","32","store_quantity_submit_unit_price"
"DolocTown.Config.Localization.StaticTextInfo",".ctor","System.Void DolocTown.Config.Localization.StaticTextInfo::.ctor(SimpleJSON.JSONNode)","IL_75D9","32","store_quantity_submit_unit_price"
"DolocTown.Config.Localization.StaticTextInfo",".ctor","System.Void DolocTown.Config.Localization.StaticTextInfo::.ctor(SimpleJSON.JSONNode)","IL_75FC","32","store_quantity_submit_unit_price"
"DolocTown.Config.Localization.StaticTextInfo",".ctor","System.Void DolocTown.Config.Localization.StaticTextInfo::.ctor(SimpleJSON.JSONNode)","IL_761B","32","store_item_tip_plantbasin_locked"
"DolocTown.Config.Localization.StaticTextInfo",".ctor","System.Void DolocTown.Config.Localization.StaticTextInfo::.ctor(SimpleJSON.JSONNode)","IL_763E","32","store_item_tip_plantbasin_locked"
"DolocTown.Config.Localization.StaticTextInfo",".ctor","System.Void DolocTown.Config.Localization.StaticTextInfo::.ctor(SimpleJSON.JSONNode)","IL_765D","32","store_item_tip_plantbasin_locked"
"DolocTown.Config.Localization.StaticTextInfo",".ctor","System.Void DolocTown.Config.Localization.StaticTextInfo::.ctor(SimpleJSON.JSONNode)","IL_7680","32","store_item_tip_plantbasin_locked"
"DolocTown.Config.Localization.StaticTextInfo",".ctor","System.Void DolocTown.Config.Localization.StaticTextInfo::.ctor(SimpleJSON.JSONNode)","IL_B0E3","14","item_tip_price"
"DolocTown.Config.Localization.StaticTextInfo",".ctor","System.Void DolocTown.Config.Localization.StaticTextInfo::.ctor(SimpleJSON.JSONNode)","IL_B106","14","item_tip_price"
"DolocTown.Config.Localization.StaticTextInfo",".ctor","System.Void DolocTown.Config.Localization.StaticTextInfo::.ctor(SimpleJSON.JSONNode)","IL_B125","14","item_tip_price"
"DolocTown.Config.Localization.StaticTextInfo",".ctor","System.Void DolocTown.Config.Localization.StaticTextInfo::.ctor(SimpleJSON.JSONNode)","IL_B148","14","item_tip_price"
"DolocTown.Config.Localization.StaticTextInfo",".ctor","System.Void DolocTown.Config.Localization.StaticTextInfo::.ctor(SimpleJSON.JSONNode)","IL_B167","21","item_tip_basics_price"
"DolocTown.Config.Localization.StaticTextInfo",".ctor","System.Void DolocTown.Config.Localization.StaticTextInfo::.ctor(SimpleJSON.JSONNode)","IL_B18A","21","item_tip_basics_price"
"DolocTown.Config.Localization.StaticTextInfo",".ctor","System.Void DolocTown.Config.Localization.StaticTextInfo::.ctor(SimpleJSON.JSONNode)","IL_B1A9","21","item_tip_basics_price"
"DolocTown.Config.Localization.StaticTextInfo",".ctor","System.Void DolocTown.Config.Localization.StaticTextInfo::.ctor(SimpleJSON.JSONNode)","IL_B1CC","21","item_tip_basics_price"
"DolocTown.Config.Localization.StaticTextInfo",".ctor","System.Void DolocTown.Config.Localization.StaticTextInfo::.ctor(SimpleJSON.JSONNode)","IL_CDC3","27","dropoff_box_price_increased"
"DolocTown.Config.Localization.StaticTextInfo",".ctor","System.Void DolocTown.Config.Localization.StaticTextInfo::.ctor(SimpleJSON.JSONNode)","IL_CDE6","27","dropoff_box_price_increased"
"DolocTown.Config.Localization.StaticTextInfo",".ctor","System.Void DolocTown.Config.Localization.StaticTextInfo::.ctor(SimpleJSON.JSONNode)","IL_CE05","27","dropoff_box_price_increased"
"DolocTown.Config.Localization.StaticTextInfo",".ctor","System.Void DolocTown.Config.Localization.StaticTextInfo::.ctor(SimpleJSON.JSONNode)","IL_CE28","27","dropoff_box_price_increased"
"DolocTown.Config.Localization.StaticTextInfo",".ctor","System.Void DolocTown.Config.Localization.StaticTextInfo::.ctor(SimpleJSON.JSONNode)","IL_1004B","19","teleport_buy_ticket"
"DolocTown.Config.Localization.StaticTextInfo",".ctor","System.Void DolocTown.Config.Localization.StaticTextInfo::.ctor(SimpleJSON.JSONNode)","IL_1006E","19","teleport_buy_ticket"
"DolocTown.Config.Localization.StaticTextInfo",".ctor","System.Void DolocTown.Config.Localization.StaticTextInfo::.ctor(SimpleJSON.JSONNode)","IL_1008D","19","teleport_buy_ticket"
"DolocTown.Config.Localization.StaticTextInfo",".ctor","System.Void DolocTown.Config.Localization.StaticTextInfo::.ctor(SimpleJSON.JSONNode)","IL_100B0","19","teleport_buy_ticket"
"DolocTown.Config.Localization.StaticTextInfo",".ctor","System.Void DolocTown.Config.Localization.StaticTextInfo::.ctor(SimpleJSON.JSONNode)","IL_168F7","19","ui_tip_buy_backpack"
"DolocTown.Config.Localization.StaticTextInfo",".ctor","System.Void DolocTown.Config.Localization.StaticTextInfo::.ctor(SimpleJSON.JSONNode)","IL_1691A","19","ui_tip_buy_backpack"
"DolocTown.Config.Localization.StaticTextInfo",".ctor","System.Void DolocTown.Config.Localization.StaticTextInfo::.ctor(SimpleJSON.JSONNode)","IL_16939","19","ui_tip_buy_backpack"
"DolocTown.Config.Localization.StaticTextInfo",".ctor","System.Void DolocTown.Config.Localization.StaticTextInfo::.ctor(SimpleJSON.JSONNode)","IL_1695C","19","ui_tip_buy_backpack"
"DolocTown.Config.Localization.StaticTextInfo",".ctor","System.Void DolocTown.Config.Localization.StaticTextInfo::.ctor(SimpleJSON.JSONNode)","IL_1697B","24","ui_tip_buy_backpack_info"
"DolocTown.Config.Localization.StaticTextInfo",".ctor","System.Void DolocTown.Config.Localization.StaticTextInfo::.ctor(SimpleJSON.JSONNode)","IL_1699E","24","ui_tip_buy_backpack_info"
"DolocTown.Config.Localization.StaticTextInfo",".ctor","System.Void DolocTown.Config.Localization.StaticTextInfo::.ctor(SimpleJSON.JSONNode)","IL_169BD","24","ui_tip_buy_backpack_info"
"DolocTown.Config.Localization.StaticTextInfo",".ctor","System.Void DolocTown.Config.Localization.StaticTextInfo::.ctor(SimpleJSON.JSONNode)","IL_169E0","24","ui_tip_buy_backpack_info"
"DolocTown.Config.Localization.StaticTextInfo",".ctor","System.Void DolocTown.Config.Localization.StaticTextInfo::.ctor(SimpleJSON.JSONNode)","IL_1744F","20","ui_mod_open_workshop"
"DolocTown.Config.Localization.StaticTextInfo",".ctor","System.Void DolocTown.Config.Localization.StaticTextInfo::.ctor(SimpleJSON.JSONNode)","IL_17472","20","ui_mod_open_workshop"
"DolocTown.Config.Localization.StaticTextInfo",".ctor","System.Void DolocTown.Config.Localization.StaticTextInfo::.ctor(SimpleJSON.JSONNode)","IL_17491","20","ui_mod_open_workshop"
"DolocTown.Config.Localization.StaticTextInfo",".ctor","System.Void DolocTown.Config.Localization.StaticTextInfo::.ctor(SimpleJSON.JSONNode)","IL_174B4","20","ui_mod_open_workshop"
"DolocTown.Config.Localization.StaticTextInfo",".ctor","System.Void DolocTown.Config.Localization.StaticTextInfo::.ctor(SimpleJSON.JSONNode)","IL_17D13","22","ui_mod_source_workshop"
"DolocTown.Config.Localization.StaticTextInfo",".ctor","System.Void DolocTown.Config.Localization.StaticTextInfo::.ctor(SimpleJSON.JSONNode)","IL_17D36","22","ui_mod_source_workshop"
"DolocTown.Config.Localization.StaticTextInfo",".ctor","System.Void DolocTown.Config.Localization.StaticTextInfo::.ctor(SimpleJSON.JSONNode)","IL_17D55","22","ui_mod_source_workshop"
"DolocTown.Config.Localization.StaticTextInfo",".ctor","System.Void DolocTown.Config.Localization.StaticTextInfo::.ctor(SimpleJSON.JSONNode)","IL_17D78","22","ui_mod_source_workshop"
"DolocTown.Config.Localization.StaticTextInfo","ToString","System.String DolocTown.Config.Localization.StaticTextInfo::ToString()","IL_0452","10",",UiTipBuy:"
"DolocTown.Config.Localization.StaticTextInfo","ToString","System.String DolocTown.Config.Localization.StaticTextInfo::ToString()","IL_0465","18",",UiTipSellConfirm:"
"DolocTown.Config.Localization.StaticTextInfo","ToString","System.String DolocTown.Config.Localization.StaticTextInfo::ToString()","IL_0478","11",",UiTipSell:"
"DolocTown.Config.Localization.StaticTextInfo","ToString","System.String DolocTown.Config.Localization.StaticTextInfo::ToString()","IL_048B","17",",UiTipBuyConfirm:"
"DolocTown.Config.Localization.StaticTextInfo","ToString","System.String DolocTown.Config.Localization.StaticTextInfo::ToString()","IL_08FA","13",",UiTipBuyOne:"
"DolocTown.Config.Localization.StaticTextInfo","ToString","System.String DolocTown.Config.Localization.StaticTextInfo::ToString()","IL_0913","20",",UiTipBuyAllGamepad:"
"DolocTown.Config.Localization.StaticTextInfo","ToString","System.String DolocTown.Config.Localization.StaticTextInfo::ToString()","IL_092C","14",",UiTipSellOne:"
"DolocTown.Config.Localization.StaticTextInfo","ToString","System.String DolocTown.Config.Localization.StaticTextInfo::ToString()","IL_0945","14",",UiTipSellAll:"
"DolocTown.Config.Localization.StaticTextInfo","ToString","System.String DolocTown.Config.Localization.StaticTextInfo::ToString()","IL_11F6","17",",UiOperationSell:"
"DolocTown.Config.Localization.StaticTextInfo","ToString","System.String DolocTown.Config.Localization.StaticTextInfo::ToString()","IL_1322","27",",StorePlayerMoneyNotEnough:"
"DolocTown.Config.Localization.StaticTextInfo","ToString","System.String DolocTown.Config.Localization.StaticTextInfo::ToString()","IL_133B","26",",StoreStoreMoneyNotEnough:"
"DolocTown.Config.Localization.StaticTextInfo","ToString","System.String DolocTown.Config.Localization.StaticTextInfo::ToString()","IL_1354","22",",StoreItemNotSaleable:"
"DolocTown.Config.Localization.StaticTextInfo","ToString","System.String DolocTown.Config.Localization.StaticTextInfo::ToString()","IL_136D","18",",StoreItemSoldOut:"
"DolocTown.Config.Localization.StaticTextInfo","ToString","System.String DolocTown.Config.Localization.StaticTextInfo::ToString()","IL_1386","18",",StoreLackOfAsset:"
"DolocTown.Config.Localization.StaticTextInfo","ToString","System.String DolocTown.Config.Localization.StaticTextInfo::ToString()","IL_139F","19",",StoreUpgradePrice:"
"DolocTown.Config.Localization.StaticTextInfo","ToString","System.String DolocTown.Config.Localization.StaticTextInfo::ToString()","IL_13B8","21",",StoreUpgradeConfirm:"
"DolocTown.Config.Localization.StaticTextInfo","ToString","System.String DolocTown.Config.Localization.StaticTextInfo::ToString()","IL_13D1","18",",StoreSoldOutIcon:"
"DolocTown.Config.Localization.StaticTextInfo","ToString","System.String DolocTown.Config.Localization.StaticTextInfo::ToString()","IL_13EA","23",",StoreUpgradeEmptyInfo:"
"DolocTown.Config.Localization.StaticTextInfo","ToString","System.String DolocTown.Config.Localization.StaticTextInfo::ToString()","IL_1403","29",",StoreItemNotSaleableComment:"
"DolocTown.Config.Localization.StaticTextInfo","ToString","System.String DolocTown.Config.Localization.StaticTextInfo::ToString()","IL_141C","28",",StoreQuantitySubmitSelling:"
"DolocTown.Config.Localization.StaticTextInfo","ToString","System.String DolocTown.Config.Localization.StaticTextInfo::ToString()","IL_1435","40",",StoreQuantitySubmitCurrentMoneySelling:"
"DolocTown.Config.Localization.StaticTextInfo","ToString","System.String DolocTown.Config.Localization.StaticTextInfo::ToString()","IL_144E","38",",StoreQuantitySubmitTotalMoneySelling:"
"DolocTown.Config.Localization.StaticTextInfo","ToString","System.String DolocTown.Config.Localization.StaticTextInfo::ToString()","IL_1467","27",",StoreQuantitySubmitBuying:"
"DolocTown.Config.Localization.StaticTextInfo","ToString","System.String DolocTown.Config.Localization.StaticTextInfo::ToString()","IL_1480","39",",StoreQuantitySubmitCurrentMoneyBuying:"
"DolocTown.Config.Localization.StaticTextInfo","ToString","System.String DolocTown.Config.Localization.StaticTextInfo::ToString()","IL_1499","37",",StoreQuantitySubmitTotalMoneyBuying:"
"DolocTown.Config.Localization.StaticTextInfo","ToString","System.String DolocTown.Config.Localization.StaticTextInfo::ToString()","IL_14B2","32",",StoreQuantitySubmitCountInBack:"
"DolocTown.Config.Localization.StaticTextInfo","ToString","System.String DolocTown.Config.Localization.StaticTextInfo::ToString()","IL_14CB","30",",StoreQuantitySubmitUnitPrice:"
"DolocTown.Config.Localization.StaticTextInfo","ToString","System.String DolocTown.Config.Localization.StaticTextInfo::ToString()","IL_14E4","30",",StoreItemTipPlantbasinLocked:"
"DolocTown.Config.Localization.StaticTextInfo","ToString","System.String DolocTown.Config.Localization.StaticTextInfo::ToString()","IL_2006","14",",ItemTipPrice:"
"DolocTown.Config.Localization.StaticTextInfo","ToString","System.String DolocTown.Config.Localization.StaticTextInfo::ToString()","IL_201F","20",",ItemTipBasicsPrice:"
"DolocTown.Config.Localization.StaticTextInfo","ToString","System.String DolocTown.Config.Localization.StaticTextInfo::ToString()","IL_257E","26",",DropoffBoxPriceIncreased:"
"DolocTown.Config.Localization.StaticTextInfo","ToString","System.String DolocTown.Config.Localization.StaticTextInfo::ToString()","IL_2F10","19",",TeleportBuyTicket:"
"DolocTown.Config.Localization.StaticTextInfo","ToString","System.String DolocTown.Config.Localization.StaticTextInfo::ToString()","IL_42E3","18",",UiTipBuyBackpack:"
"DolocTown.Config.Localization.StaticTextInfo","ToString","System.String DolocTown.Config.Localization.StaticTextInfo::ToString()","IL_42FC","22",",UiTipBuyBackpackInfo:"
"DolocTown.Config.Localization.StaticTextInfo","ToString","System.String DolocTown.Config.Localization.StaticTextInfo::ToString()","IL_4509","19",",UiModOpenWorkshop:"
"DolocTown.Config.Localization.StaticTextInfo","ToString","System.String DolocTown.Config.Localization.StaticTextInfo::ToString()","IL_46B2","21",",UiModSourceWorkshop:"
"DolocTown.Config.Item.ItemInfo",".ctor","System.Void DolocTown.Config.Item.ItemInfo::.ctor(SimpleJSON.JSONNode)","IL_01ED","13","selling_price"
"DolocTown.Config.Item.ItemInfo",".ctor","System.Void DolocTown.Config.Item.ItemInfo::.ctor(SimpleJSON.JSONNode)","IL_0206","13","selling_price"
"DolocTown.Config.Item.ItemInfo",".ctor","System.Void DolocTown.Config.Item.ItemInfo::.ctor(SimpleJSON.JSONNode)","IL_021B","12","buying_price"
"DolocTown.Config.Item.ItemInfo",".ctor","System.Void DolocTown.Config.Item.ItemInfo::.ctor(SimpleJSON.JSONNode)","IL_0234","12","buying_price"
"DolocTown.Config.Item.ItemInfo","ToString","System.String DolocTown.Config.Item.ItemInfo::ToString()","IL_00E1","14",",SellingPrice:"
"DolocTown.Config.Item.ItemInfo","ToString","System.String DolocTown.Config.Item.ItemInfo::ToString()","IL_00FC","13",",BuyingPrice:"
"DolocTown.Config.Item.RangedItemWithPriceThreshold",".ctor","System.Void DolocTown.Config.Item.RangedItemWithPriceThreshold::.ctor(SimpleJSON.JSONNode)","IL_0007","15","price_threshold"
"DolocTown.Config.Item.RangedItemWithPriceThreshold",".ctor","System.Void DolocTown.Config.Item.RangedItemWithPriceThreshold::.ctor(SimpleJSON.JSONNode)","IL_0020","15","price_threshold"
"DolocTown.Config.Item.RangedItemWithPriceThreshold",".ctor","System.Void DolocTown.Config.Item.RangedItemWithPriceThreshold::.ctor(SimpleJSON.JSONNode)","IL_0035","11","ranged_item"
"DolocTown.Config.Item.RangedItemWithPriceThreshold",".ctor","System.Void DolocTown.Config.Item.RangedItemWithPriceThreshold::.ctor(SimpleJSON.JSONNode)","IL_004E","11","ranged_item"
"DolocTown.Config.Item.RangedItemWithPriceThreshold","ToString","System.String DolocTown.Config.Item.RangedItemWithPriceThreshold::ToString()","IL_0008","17","{ PriceThreshold:"
"DolocTown.Config.Item.RangedItemWithPriceThreshold","ToString","System.String DolocTown.Config.Item.RangedItemWithPriceThreshold::ToString()","IL_0021","12",",RangedItem:"
"DolocTown.Config.Item.RangedItemWithPriceThreshold","ToString","System.String DolocTown.Config.Item.RangedItemWithPriceThreshold::ToString()","IL_0040","2",",}"
"DolocTown.Config.Equipment.EquipmentFuncParkingApron",".ctor","System.Void DolocTown.Config.Equipment.EquipmentFuncParkingApron::.ctor(SimpleJSON.JSONNode)","IL_0008","10","store_name"
"DolocTown.Config.Equipment.EquipmentFuncParkingApron",".ctor","System.Void DolocTown.Config.Equipment.EquipmentFuncParkingApron::.ctor(SimpleJSON.JSONNode)","IL_0021","10","store_name"
"DolocTown.Config.Equipment.EquipmentFuncParkingApron",".ctor","System.Void DolocTown.Config.Equipment.EquipmentFuncParkingApron::.ctor(SimpleJSON.JSONNode)","IL_0036","22","price_increased_months"
"DolocTown.Config.Equipment.EquipmentFuncParkingApron","Resolve","System.Void DolocTown.Config.Equipment.EquipmentFuncParkingApron::Resolve(System.Collections.Generic.Dictionary`2<System.String,System.Object>)","IL_0009","13","Store.TbStore"
"DolocTown.Config.Equipment.EquipmentFuncParkingApron","ToString","System.String DolocTown.Config.Equipment.EquipmentFuncParkingApron::ToString()","IL_003B","11",",StoreName:"
"DolocTown.Config.Equipment.EquipmentFuncParkingApron","ToString","System.String DolocTown.Config.Equipment.EquipmentFuncParkingApron::ToString()","IL_004C","22",",PriceIncreasedMonths:"
"DolocTown.Config.Animal.AnimalLevelData",".ctor","System.Void DolocTown.Config.Animal.AnimalLevelData::.ctor(SimpleJSON.JSONNode)","IL_0152","5","price"
"DolocTown.Config.Animal.AnimalLevelData",".ctor","System.Void DolocTown.Config.Animal.AnimalLevelData::.ctor(SimpleJSON.JSONNode)","IL_016B","5","price"
"DolocTown.Config.Animal.AnimalLevelData","ToString","System.String DolocTown.Config.Animal.AnimalLevelData::ToString()","IL_0086","7",",Price:"
