token	title	source_modified_label	url	status_code	blocks	children	code_blocks	sheets	rendered_images	markdown
WkvJwLK5pie03HkM0wzcPp6dnBg	01 ID对照表（主角本体&帽子&工具）	4月29日修改	https://ka7deoo0opr.feishu.cn/wiki/WkvJwLK5pie03HkM0wzcPp6dnBg	200	20	1	0	7	0	pages/WkvJwLK5pie03HkM0wzcPp6dnBg/content.md
FHmFwDuySip8M6krNnxcyR91nXg	01 主角（本体&帽子&工具）	5月21日修改	https://ka7deoo0opr.feishu.cn/wiki/FHmFwDuySip8M6krNnxcyR91nXg	200	52	2	0	2	14	pages/FHmFwDuySip8M6krNnxcyR91nXg/content.md
SYYLwefL8imZYXkivwecR7X2ntc	01 文本本地化	4月17日修改	https://ka7deoo0opr.feishu.cn/wiki/SYYLwefL8imZYXkivwecR7X2ntc	200	22	1	3	0	0	pages/SYYLwefL8imZYXkivwecR7X2ntc/content.md
LO6uwLfSXilCHLkAymLclh1jncd	01 新增作物（种子+果实）	5月20日修改	https://ka7deoo0opr.feishu.cn/wiki/LO6uwLfSXilCHLkAymLclh1jncd	200	25	2	2	2	1	pages/LO6uwLfSXilCHLkAymLclh1jncd/content.md
OFS1w4gFSiDkHRkXX1Pcu4ihnNh	01 新增道具	5月21日修改	https://ka7deoo0opr.feishu.cn/wiki/OFS1w4gFSiDkHRkXX1Pcu4ihnNh	200	21	6	1	2	1	pages/OFS1w4gFSiDkHRkXX1Pcu4ihnNh/content.md
SNOywxdl5iccH8kO413czWBKnwe	01 美化模组（替换现有贴图）	5月15日修改	https://ka7deoo0opr.feishu.cn/wiki/SNOywxdl5iccH8kO413czWBKnwe	200	29	11	0	0	2	pages/SNOywxdl5iccH8kO413czWBKnwe/content.md
LlZgw36I2iOtX0kOkSGcfWTyn8c	02 ID对照表（NPC）	4月17日修改	https://ka7deoo0opr.feishu.cn/wiki/LlZgw36I2iOtX0kOkSGcfWTyn8c	200	68	0	0	27	0	pages/LlZgw36I2iOtX0kOkSGcfWTyn8c/content.md
HUAbwaN2hiWLsAkSwrJczQmun9e	02 NPC	5月15日修改	https://ka7deoo0opr.feishu.cn/wiki/HUAbwaN2hiWLsAkSwrJczQmun9e	200	22	2	0	1	8	pages/HUAbwaN2hiWLsAkSwrJczQmun9e/content.md
PwfowuR9Ti1OJGkH6j8cypQ6n6D	02 基础内容模组	5月15日修改	https://ka7deoo0opr.feishu.cn/wiki/PwfowuR9Ti1OJGkH6j8cypQ6n6D	200	36	10	2	0	3	pages/PwfowuR9Ti1OJGkH6j8cypQ6n6D/content.md
PxaIwKgsPiua7okPqgdcoCOZnkF	02 新增帽子	6月11日修改	https://ka7deoo0opr.feishu.cn/wiki/PxaIwKgsPiua7okPqgdcoCOZnkF	200	42	2	2	3	7	pages/PxaIwKgsPiua7okPqgdcoCOZnkF/content.md
O64fw47MJiC2qXk8A4fc4RsInyf	02 新增鱼	5月22日修改	https://ka7deoo0opr.feishu.cn/wiki/O64fw47MJiC2qXk8A4fc4RsInyf	200	30	3	3	2	2	pages/O64fw47MJiC2qXk8A4fc4RsInyf/content.md
Rv1swL7JEiLHSZkaNk7cFyyXnIh	02 道具数据模板	4月15日修改	https://ka7deoo0opr.feishu.cn/wiki/Rv1swL7JEiLHSZkaNk7cFyyXnIh	200	7	1	0	0	1	pages/Rv1swL7JEiLHSZkaNk7cFyyXnIh/content.md
UdOwwqfOLiFcFMkW5rrchKVUnpd	03 ID对照表（小动物）	4月15日修改	https://ka7deoo0opr.feishu.cn/wiki/UdOwwqfOLiFcFMkW5rrchKVUnpd	200	11	0	0	4	0	pages/UdOwwqfOLiFcFMkW5rrchKVUnpd/content.md
NKSJwBudUi9q89kN9GXcpQKwnRe	03 备用贴图	4月22日修改	https://ka7deoo0opr.feishu.cn/wiki/NKSJwBudUi9q89kN9GXcpQKwnRe	200	17	1	0	0	3	pages/NKSJwBudUi9q89kN9GXcpQKwnRe/content.md
POkcwjhF3iPzmikWRZ2cn8n9ncf	03 小动物	5月15日修改	https://ka7deoo0opr.feishu.cn/wiki/POkcwjhF3iPzmikWRZ2cn8n9ncf	200	18	2	0	1	5	pages/POkcwjhF3iPzmikWRZ2cn8n9ncf/content.md
KaKyw74DnibQhmkjPlMcJgZXnBf	03 新增料理	6月21日修改	https://ka7deoo0opr.feishu.cn/wiki/KaKyw74DnibQhmkjPlMcJgZXnBf	200	61	4	9	2	2	pages/KaKyw74DnibQhmkjPlMcJgZXnBf/content.md
PSUjwr1GuiRixsk95HlcYTVQnPd	03 新增装饰设备	4月29日修改	https://ka7deoo0opr.feishu.cn/wiki/PSUjwr1GuiRixsk95HlcYTVQnPd	200	30	2	2	2	4	pages/PSUjwr1GuiRixsk95HlcYTVQnPd/content.md
FOMvwdhipi0ojgkt2eQcU8dVnib	03 进阶内容模组	4月14日修改	https://ka7deoo0opr.feishu.cn/wiki/FOMvwdhipi0ojgkt2eQcU8dVnib	200	13	8	0	0	0	pages/FOMvwdhipi0ojgkt2eQcU8dVnib/content.md
QaKDwjPdvi2GtEk7GKPcQEoenyf	04 ID对照表（道具）	5月18日修改	https://ka7deoo0opr.feishu.cn/wiki/QaKDwjPdvi2GtEk7GKPcQEoenyf	200	10	1	0	4	0	pages/QaKDwjPdvi2GtEk7GKPcQEoenyf/content.md
LHe9w2v8ui1HFok6axUcR5kbnNd	04 其他内容	4月29日修改	https://ka7deoo0opr.feishu.cn/wiki/LHe9w2v8ui1HFok6axUcR5kbnNd	200	6	5	0	0	0	pages/LHe9w2v8ui1HFok6axUcR5kbnNd/content.md
RsaywZ3JdieYHDkZpCLc1vYenvg	04 掉落上限、保底配置	5月21日修改	https://ka7deoo0opr.feishu.cn/wiki/RsaywZ3JdieYHDkZpCLc1vYenvg	200	12	0	3	0	0	pages/RsaywZ3JdieYHDkZpCLc1vYenvg/content.md
DSwGwUzfki0gkPk1k6dcio6bnpb	04 新增资源	5月20日修改	https://ka7deoo0opr.feishu.cn/wiki/DSwGwUzfki0gkPk1k6dcio6bnpb	200	36	3	4	2	1	pages/DSwGwUzfki0gkPk1k6dcio6bnpb/content.md
VxeWw7ZDjiqFcTk0yLxcnB53n9b	04 新增配方	4月29日修改	https://ka7deoo0opr.feishu.cn/wiki/VxeWw7ZDjiqFcTk0yLxcnB53n9b	200	19	3	2	0	0	pages/VxeWw7ZDjiqFcTk0yLxcnB53n9b/content.md
CDfmwzDwHi4GJgksMfZcC2mqnTe	04 道具	5月15日修改	https://ka7deoo0opr.feishu.cn/wiki/CDfmwzDwHi4GJgksMfZcC2mqnTe	200	34	3	0	1	10	pages/CDfmwzDwHi4GJgksMfZcC2mqnTe/content.md
Y9KzwjpI2ilLMdkWpmCcJhTtng8	05 ID对照表	5月15日修改	https://ka7deoo0opr.feishu.cn/wiki/Y9KzwjpI2ilLMdkWpmCcJhTtng8	200	14	13	0	0	0	pages/Y9KzwjpI2ilLMdkWpmCcJhTtng8/content.md
DSGAwje93icwXVkY8WvcpxCWnXg	05 ID对照表（设备）	4月14日修改	https://ka7deoo0opr.feishu.cn/wiki/DSGAwje93icwXVkY8WvcpxCWnXg	200	4	0	0	1	0	pages/DSGAwje93icwXVkY8WvcpxCWnXg/content.md
CKj3wewhLiTuCkk2GrqceORunUg	05 新增商店道具	4月20日修改	https://ka7deoo0opr.feishu.cn/wiki/CKj3wewhLiTuCkk2GrqceORunUg	200	25	2	2	0	0	pages/CKj3wewhLiTuCkk2GrqceORunUg/content.md
NwWvwfh7fin9WOk5vVQcyDSGnpb	05 新增植被	4月21日修改	https://ka7deoo0opr.feishu.cn/wiki/NwWvwfh7fin9WOk5vVQcyDSGnpb	200	37	3	4	2	1	pages/NwWvwfh7fin9WOk5vVQcyDSGnpb/content.md
OAMZwIqkLi7xw3k7JcIcvxAQnHg	05 设备	5月15日修改	https://ka7deoo0opr.feishu.cn/wiki/OAMZwIqkLi7xw3k7JcIcvxAQnHg	200	18	3	0	1	4	pages/OAMZwIqkLi7xw3k7JcIcvxAQnHg/content.md
Rdp1with9ih1frk7Pl8cbFD9nDc	05 贴图锚点说明	5月15日修改	https://ka7deoo0opr.feishu.cn/wiki/Rdp1with9ih1frk7Pl8cbFD9nDc	200	35	0	1	1	4	pages/Rdp1with9ih1frk7Pl8cbFD9nDc/content.md
UTmLwGzpAijYjvkhvE9czGyenud	06 ID对照表（资源&植被）	4月21日修改	https://ka7deoo0opr.feishu.cn/wiki/UTmLwGzpAijYjvkhvE9czGyenud	200	9	0	0	4	0	pages/UTmLwGzpAijYjvkhvE9czGyenud/content.md
V3mywFHTtiE7kfk9RUVcrrednLb	06 综合案例一（新增作物）	5月22日修改	https://ka7deoo0opr.feishu.cn/wiki/V3mywFHTtiE7kfk9RUVcrrednLb	200	52	3	9	0	1	pages/V3mywFHTtiE7kfk9RUVcrrednLb/content.md
KWqewbBLEiRw1Pkcn6lcZpQ7nXg	06 综合案例一（新增道具）	5月21日修改	https://ka7deoo0opr.feishu.cn/wiki/KWqewbBLEiRw1Pkcn6lcZpQ7nXg	200	26	2	2	2	1	pages/KWqewbBLEiRw1Pkcn6lcZpQ7nXg/content.md
R8V7wQUQuiEdq8kaDRzcT1vXn5c	06 资源	5月15日修改	https://ka7deoo0opr.feishu.cn/wiki/R8V7wQUQuiEdq8kaDRzcT1vXn5c	200	20	2	0	1	5	pages/R8V7wQUQuiEdq8kaDRzcT1vXn5c/content.md
OGwfwegFXiaZNKkjr3GclYglndf	07 ID对照表（建筑）	5月14日修改	https://ka7deoo0opr.feishu.cn/wiki/OGwfwegFXiaZNKkjr3GclYglndf	200	6	1	0	2	0	pages/OGwfwegFXiaZNKkjr3GclYglndf/content.md
SqhhwDgKAi2NLhkYRgwcdWrdnff	07 建筑	5月15日修改	https://ka7deoo0opr.feishu.cn/wiki/SqhhwDgKAi2NLhkYRgwcdWrdnff	200	27	2	0	1	8	pages/SqhhwDgKAi2NLhkYRgwcdWrdnff/content.md
WnCwwkXA4ixLjFkx2SIcTyyIned	07 综合案例二（新增帽子）	5月21日修改	https://ka7deoo0opr.feishu.cn/wiki/WnCwwkXA4ixLjFkx2SIcTyyIned	200	35	1	3	3	4	pages/WnCwwkXA4ixLjFkx2SIcTyyIned/content.md
KkZ0wpgT1iLu4Vk2P32cNxnrnCd	07 综合案例二（新增鱼)	5月20日修改	https://ka7deoo0opr.feishu.cn/wiki/KkZ0wpgT1iLu4Vk2P32cNxnrnCd	200	62	5	8	0	1	pages/KkZ0wpgT1iLu4Vk2P32cNxnrnCd/content.md
Vm9YwaBVMiZtvbkf5kIcASronye	08 ID对照表（配方）	4月16日修改	https://ka7deoo0opr.feishu.cn/wiki/Vm9YwaBVMiZtvbkf5kIcASronye	200	6	0	0	2	0	pages/Vm9YwaBVMiZtvbkf5kIcASronye/content.md
V8l8wVIUaitF7rkIBpQcSVLPnWe	08 平台	5月15日修改	https://ka7deoo0opr.feishu.cn/wiki/V8l8wVIUaitF7rkIBpQcSVLPnWe	200	28	2	0	1	9	pages/V8l8wVIUaitF7rkIBpQcSVLPnWe/content.md
P57twsINsitUu6kWCDEc4vz6nNc	08 综合案例三（新增设备）	5月21日修改	https://ka7deoo0opr.feishu.cn/wiki/P57twsINsitUu6kWCDEc4vz6nNc	200	39	1	5	3	1	pages/P57twsINsitUu6kWCDEc4vz6nNc/content.md
U75Lwhq4qi4prxkti3zcffplnhf	08 综合案例三（新增资源）	4月17日修改	https://ka7deoo0opr.feishu.cn/wiki/U75Lwhq4qi4prxkti3zcffplnhf	200	35	2	3	0	1	pages/U75Lwhq4qi4prxkti3zcffplnhf/content.md
B9UqwiqJziQi3ckQVlLcCt4Zn9c	09 ID对照表（商店）	4月14日修改	https://ka7deoo0opr.feishu.cn/wiki/B9UqwiqJziQi3ckQVlLcCt4Zn9c	200	5	0	0	2	0	pages/B9UqwiqJziQi3ckQVlLcCt4Zn9c/content.md
YHhawESrpidQRikIjWJczOLLnrh	09 综合案例四（新增墙纸）	5月9日修改	https://ka7deoo0opr.feishu.cn/wiki/YHhawESrpidQRikIjWJczOLLnrh	200	52	2	6	3	2	pages/YHhawESrpidQRikIjWJczOLLnrh/content.md
ApFewNFGeie7OYkImngcrxyQn2b	09 载具	5月15日修改	https://ka7deoo0opr.feishu.cn/wiki/ApFewNFGeie7OYkImngcrxyQn2b	200	22	2	0	2	7	pages/ApFewNFGeie7OYkImngcrxyQn2b/content.md
U3NBw40BAifRlPkyf8gc1tufnrd	10 ID对照表（鱼）	4月14日修改	https://ka7deoo0opr.feishu.cn/wiki/U3NBw40BAifRlPkyf8gc1tufnrd	200	3	0	0	1	0	pages/U3NBw40BAifRlPkyf8gc1tufnrd/content.md
OdcywZdsuiio3MkdpLdcJretnte	10 综合案例五（新增平台）	5月22日修改	https://ka7deoo0opr.feishu.cn/wiki/OdcywZdsuiio3MkdpLdcJretnte	200	57	2	8	3	4	pages/OdcywZdsuiio3MkdpLdcJretnte/content.md
MZXHwVGgsieTCdkyhpycIEDnnqb	11 ID对照表（料理）	4月14日修改	https://ka7deoo0opr.feishu.cn/wiki/MZXHwVGgsieTCdkyhpycIEDnnqb	200	5	0	0	2	0	pages/MZXHwVGgsieTCdkyhpycIEDnnqb/content.md
TOb9w60BJihlQgkwv87cEtzFnVd	12 ID对照表（掉落库）	6月12日修改	https://ka7deoo0opr.feishu.cn/wiki/TOb9w60BJihlQgkwv87cEtzFnVd	200	22	0	0	7	0	pages/TOb9w60BJihlQgkwv87cEtzFnVd/content.md
Qcxww5EmSiasxfkup2rcGQpXndc	13 ID对照表（平台）	5月10日修改	https://ka7deoo0opr.feishu.cn/wiki/Qcxww5EmSiasxfkup2rcGQpXndc	200	4	0	0	1	1	pages/Qcxww5EmSiasxfkup2rcGQpXndc/content.md
ElmCwXsRCi7OPvkOh8JcvXK9nfc	《多洛可小镇》创意工坊模组制作说明	6月12日修改	https://ka7deoo0opr.feishu.cn/wiki/ElmCwXsRCi7OPvkOh8JcvXK9nfc	200	33	10	0	0	0	pages/ElmCwXsRCi7OPvkOh8JcvXK9nfc/content.md
Df5cwl6u2irIogkazI5crevfnWf	创建你的模组	5月15日修改	https://ka7deoo0opr.feishu.cn/wiki/Df5cwl6u2irIogkazI5crevfnWf	200	21	0	1	0	3	pages/Df5cwl6u2irIogkazI5crevfnWf/content.md
CEJyw2PSpiVtx9kdWCocGxdon1f	在创意工坊上传你的模组	6月11日修改	https://ka7deoo0opr.feishu.cn/wiki/CEJyw2PSpiVtx9kdWCocGxdon1f	200	37	0	1	0	9	pages/CEJyw2PSpiVtx9kdWCocGxdon1f/content.md
F4c0wCf5Ui6kX6kqtZBcZw3jncf	文档更新记录	5月15日修改	https://ka7deoo0opr.feishu.cn/wiki/F4c0wCf5Ui6kX6kqtZBcZw3jncf	200	21	15	0	0	0	pages/F4c0wCf5Ui6kX6kqtZBcZw3jncf/content.md
GmfKwSHv0i5E9EkaupNcjRdIn4d	查看示例模组	6月11日修改	https://ka7deoo0opr.feishu.cn/wiki/GmfKwSHv0i5E9EkaupNcjRdIn4d	200	27	0	0	0	8	pages/GmfKwSHv0i5E9EkaupNcjRdIn4d/content.md
