"type","name","property_type","getter","setter","getter_visibility","setter_visibility","token"
"IDolocGameState","InputType","DolocTown.DolocInputType","get_InputType","","public","","0x1700007A"
"DolocTownGameStateBase","InputType","DolocTown.DolocInputType","get_InputType","","public","","0x17000080"
"DolocInputSource","asset","UnityEngine.InputSystem.InputActionAsset","get_asset","","public","","0x170000B0"
"DolocInputSource","bindingMask","System.Nullable`1<UnityEngine.InputSystem.InputBinding>","get_bindingMask","set_bindingMask","public","public","0x170000B1"
"DolocInputSource","devices","System.Nullable`1<UnityEngine.InputSystem.Utilities.ReadOnlyArray`1<UnityEngine.InputSystem.InputDevice>>","get_devices","set_devices","public","public","0x170000B2"
"DolocInputSource","controlSchemes","UnityEngine.InputSystem.Utilities.ReadOnlyArray`1<UnityEngine.InputSystem.InputControlScheme>","get_controlSchemes","","public","","0x170000B3"
"DolocInputSource","bindings","System.Collections.Generic.IEnumerable`1<UnityEngine.InputSystem.InputBinding>","get_bindings","","public","","0x170000B4"
"DolocInputSource","NormalInput","DolocInputSource/NormalInputActions","get_NormalInput","","public","","0x170000B5"
"DolocInputSource","BuilderInput","DolocInputSource/BuilderInputActions","get_BuilderInput","","public","","0x170000B6"
"DolocInputSource","BaseInput","DolocInputSource/BaseInputActions","get_BaseInput","","public","","0x170000B7"
"DolocInputSource","Global","DolocInputSource/GlobalActions","get_Global","","public","","0x170000B8"
"DolocInputSource","KeyboardMouseScheme","UnityEngine.InputSystem.InputControlScheme","get_KeyboardMouseScheme","","public","","0x170000B9"
"DolocInputSource","GamePadScheme","UnityEngine.InputSystem.InputControlScheme","get_GamePadScheme","","public","","0x170000BA"
"DolocInputSource/NormalInputActions","Move","UnityEngine.InputSystem.InputAction","get_Move","","public","","0x17002E68"
"DolocInputSource/NormalInputActions","Jump","UnityEngine.InputSystem.InputAction","get_Jump","","public","","0x17002E69"
"DolocInputSource/NormalInputActions","JumpDown","UnityEngine.InputSystem.InputAction","get_JumpDown","","public","","0x17002E6A"
"DolocInputSource/NormalInputActions","Dash","UnityEngine.InputSystem.InputAction","get_Dash","","public","","0x17002E6B"
"DolocInputSource/NormalInputActions","UseTool","UnityEngine.InputSystem.InputAction","get_UseTool","","public","","0x17002E6C"
"DolocInputSource/NormalInputActions","UseItem","UnityEngine.InputSystem.InputAction","get_UseItem","","public","","0x17002E6D"
"DolocInputSource/NormalInputActions","ScrollInventoryUp","UnityEngine.InputSystem.InputAction","get_ScrollInventoryUp","","public","","0x17002E6E"
"DolocInputSource/NormalInputActions","ScrollInventoryDown","UnityEngine.InputSystem.InputAction","get_ScrollInventoryDown","","public","","0x17002E6F"
"DolocInputSource/NormalInputActions","AssistMove","UnityEngine.InputSystem.InputAction","get_AssistMove","","public","","0x17002E70"
"DolocInputSource/NormalInputActions","RoomInteract","UnityEngine.InputSystem.InputAction","get_RoomInteract","","public","","0x17002E71"
"DolocInputSource/NormalInputActions","SwitchAutoFire","UnityEngine.InputSystem.InputAction","get_SwitchAutoFire","","public","","0x17002E72"
"DolocInputSource/NormalInputActions","SelectedDrone","UnityEngine.InputSystem.InputAction","get_SelectedDrone","","public","","0x17002E73"
"DolocInputSource/NormalInputActions","SelectedActive","UnityEngine.InputSystem.InputAction","get_SelectedActive","","public","","0x17002E74"
"DolocInputSource/NormalInputActions","QuickSelect_1","UnityEngine.InputSystem.InputAction","get_QuickSelect_1","","public","","0x17002E75"
"DolocInputSource/NormalInputActions","QuickSelect_2","UnityEngine.InputSystem.InputAction","get_QuickSelect_2","","public","","0x17002E76"
"DolocInputSource/NormalInputActions","QuickSelect_3","UnityEngine.InputSystem.InputAction","get_QuickSelect_3","","public","","0x17002E77"
"DolocInputSource/NormalInputActions","QuickSelect_4","UnityEngine.InputSystem.InputAction","get_QuickSelect_4","","public","","0x17002E78"
"DolocInputSource/NormalInputActions","QuickSelect_5","UnityEngine.InputSystem.InputAction","get_QuickSelect_5","","public","","0x17002E79"
"DolocInputSource/NormalInputActions","QuickSelect_6","UnityEngine.InputSystem.InputAction","get_QuickSelect_6","","public","","0x17002E7A"
"DolocInputSource/NormalInputActions","QuickSelect_7","UnityEngine.InputSystem.InputAction","get_QuickSelect_7","","public","","0x17002E7B"
"DolocInputSource/NormalInputActions","QuickSelect_8","UnityEngine.InputSystem.InputAction","get_QuickSelect_8","","public","","0x17002E7C"
"DolocInputSource/NormalInputActions","QuickSelect_9","UnityEngine.InputSystem.InputAction","get_QuickSelect_9","","public","","0x17002E7D"
"DolocInputSource/NormalInputActions","QuickSelect_0","UnityEngine.InputSystem.InputAction","get_QuickSelect_0","","public","","0x17002E7E"
"DolocInputSource/NormalInputActions","Fishing","UnityEngine.InputSystem.InputAction","get_Fishing","","public","","0x17002E7F"
"DolocInputSource/NormalInputActions","Debug","UnityEngine.InputSystem.InputAction","get_Debug","","public","","0x17002E80"
"DolocInputSource/NormalInputActions","DisposeItemInBackpack","UnityEngine.InputSystem.InputAction","get_DisposeItemInBackpack","","public","","0x17002E81"
"DolocInputSource/NormalInputActions","Interact","UnityEngine.InputSystem.InputAction","get_Interact","","public","","0x17002E82"
"DolocInputSource/NormalInputActions","SpeedUp","UnityEngine.InputSystem.InputAction","get_SpeedUp","","public","","0x17002E83"
"DolocInputSource/NormalInputActions","QuickSelectPrev","UnityEngine.InputSystem.InputAction","get_QuickSelectPrev","","public","","0x17002E84"
"DolocInputSource/NormalInputActions","QuickSelectNext","UnityEngine.InputSystem.InputAction","get_QuickSelectNext","","public","","0x17002E85"
"DolocInputSource/NormalInputActions","ToggleMissionPanel","UnityEngine.InputSystem.InputAction","get_ToggleMissionPanel","","public","","0x17002E86"
"DolocInputSource/NormalInputActions","ToggleTechTree","UnityEngine.InputSystem.InputAction","get_ToggleTechTree","","public","","0x17002E87"
"DolocInputSource/NormalInputActions","ToggleBackpack","UnityEngine.InputSystem.InputAction","get_ToggleBackpack","","public","","0x17002E88"
"DolocInputSource/NormalInputActions","ToggleBackpackHold","UnityEngine.InputSystem.InputAction","get_ToggleBackpackHold","","public","","0x17002E89"
"DolocInputSource/NormalInputActions","ToggleMap","UnityEngine.InputSystem.InputAction","get_ToggleMap","","public","","0x17002E8A"
"DolocInputSource/NormalInputActions","ToggleMenu","UnityEngine.InputSystem.InputAction","get_ToggleMenu","","public","","0x17002E8B"
"DolocInputSource/NormalInputActions","ToggleCollectionBook","UnityEngine.InputSystem.InputAction","get_ToggleCollectionBook","","public","","0x17002E8C"
"DolocInputSource/NormalInputActions","Cancel","UnityEngine.InputSystem.InputAction","get_Cancel","","public","","0x17002E8D"
"DolocInputSource/NormalInputActions","enabled","System.Boolean","get_enabled","","public","","0x17002E8E"
"DolocInputSource/BuilderInputActions","DPadUp","UnityEngine.InputSystem.InputAction","get_DPadUp","","public","","0x17002E8F"
"DolocInputSource/BuilderInputActions","DPadDown","UnityEngine.InputSystem.InputAction","get_DPadDown","","public","","0x17002E90"
"DolocInputSource/BuilderInputActions","DPadLeft","UnityEngine.InputSystem.InputAction","get_DPadLeft","","public","","0x17002E91"
"DolocInputSource/BuilderInputActions","DPadRight","UnityEngine.InputSystem.InputAction","get_DPadRight","","public","","0x17002E92"
"DolocInputSource/BuilderInputActions","BuilderLast","UnityEngine.InputSystem.InputAction","get_BuilderLast","","public","","0x17002E93"
"DolocInputSource/BuilderInputActions","BuilderNext","UnityEngine.InputSystem.InputAction","get_BuilderNext","","public","","0x17002E94"
"DolocInputSource/BuilderInputActions","BuilderSelected","UnityEngine.InputSystem.InputAction","get_BuilderSelected","","public","","0x17002E95"
"DolocInputSource/BuilderInputActions","BuilderRevocation","UnityEngine.InputSystem.InputAction","get_BuilderRevocation","","public","","0x17002E96"
"DolocInputSource/BuilderInputActions","BuilderDismantle","UnityEngine.InputSystem.InputAction","get_BuilderDismantle","","public","","0x17002E97"
"DolocInputSource/BuilderInputActions","BuilderDismantleHold","UnityEngine.InputSystem.InputAction","get_BuilderDismantleHold","","public","","0x17002E98"
"DolocInputSource/BuilderInputActions","BuilderRotate","UnityEngine.InputSystem.InputAction","get_BuilderRotate","","public","","0x17002E99"
"DolocInputSource/BuilderInputActions","BuilderSwitch","UnityEngine.InputSystem.InputAction","get_BuilderSwitch","","public","","0x17002E9A"
"DolocInputSource/BuilderInputActions","BuilderSwitchInventory","UnityEngine.InputSystem.InputAction","get_BuilderSwitchInventory","","public","","0x17002E9B"
"DolocInputSource/BuilderInputActions","enabled","System.Boolean","get_enabled","","public","","0x17002E9C"
"DolocInputSource/BaseInputActions","Move","UnityEngine.InputSystem.InputAction","get_Move","","public","","0x17002E9D"
"DolocInputSource/BaseInputActions","MoveLeft","UnityEngine.InputSystem.InputAction","get_MoveLeft","","public","","0x17002E9E"
"DolocInputSource/BaseInputActions","MoveRight","UnityEngine.InputSystem.InputAction","get_MoveRight","","public","","0x17002E9F"
"DolocInputSource/BaseInputActions","MoveUp","UnityEngine.InputSystem.InputAction","get_MoveUp","","public","","0x17002EA0"
"DolocInputSource/BaseInputActions","MoveDown","UnityEngine.InputSystem.InputAction","get_MoveDown","","public","","0x17002EA1"
"DolocInputSource/BaseInputActions","MoveLast","UnityEngine.InputSystem.InputAction","get_MoveLast","","public","","0x17002EA2"
"DolocInputSource/BaseInputActions","MoveNext","UnityEngine.InputSystem.InputAction","get_MoveNext","","public","","0x17002EA3"
"DolocInputSource/BaseInputActions","Cancel","UnityEngine.InputSystem.InputAction","get_Cancel","","public","","0x17002EA4"
"DolocInputSource/BaseInputActions","Confirm","UnityEngine.InputSystem.InputAction","get_Confirm","","public","","0x17002EA5"
"DolocInputSource/BaseInputActions","ConfirmHold","UnityEngine.InputSystem.InputAction","get_ConfirmHold","","public","","0x17002EA6"
"DolocInputSource/BaseInputActions","Scroll","UnityEngine.InputSystem.InputAction","get_Scroll","","public","","0x17002EA7"
"DolocInputSource/BaseInputActions","PageUp","UnityEngine.InputSystem.InputAction","get_PageUp","","public","","0x17002EA8"
"DolocInputSource/BaseInputActions","PageDown","UnityEngine.InputSystem.InputAction","get_PageDown","","public","","0x17002EA9"
"DolocInputSource/BaseInputActions","SplitItem","UnityEngine.InputSystem.InputAction","get_SplitItem","","public","","0x17002EAA"
"DolocInputSource/BaseInputActions","SortItem","UnityEngine.InputSystem.InputAction","get_SortItem","","public","","0x17002EAB"
"DolocInputSource/BaseInputActions","SortItemHold","UnityEngine.InputSystem.InputAction","get_SortItemHold","","public","","0x17002EAC"
"DolocInputSource/BaseInputActions","LockItem","UnityEngine.InputSystem.InputAction","get_LockItem","","public","","0x17002EAD"
"DolocInputSource/BaseInputActions","DisposeItem","UnityEngine.InputSystem.InputAction","get_DisposeItem","","public","","0x17002EAE"
"DolocInputSource/BaseInputActions","DisposeItemHold","UnityEngine.InputSystem.InputAction","get_DisposeItemHold","","public","","0x17002EAF"
"DolocInputSource/BaseInputActions","DestroyItem","UnityEngine.InputSystem.InputAction","get_DestroyItem","","public","","0x17002EB0"
"DolocInputSource/BaseInputActions","PutMaxItem","UnityEngine.InputSystem.InputAction","get_PutMaxItem","","public","","0x17002EB1"
"DolocInputSource/BaseInputActions","PutMaxItemHold","UnityEngine.InputSystem.InputAction","get_PutMaxItemHold","","public","","0x17002EB2"
"DolocInputSource/BaseInputActions","PutAllItem","UnityEngine.InputSystem.InputAction","get_PutAllItem","","public","","0x17002EB3"
"DolocInputSource/BaseInputActions","SubmitItem","UnityEngine.InputSystem.InputAction","get_SubmitItem","","public","","0x17002EB4"
"DolocInputSource/BaseInputActions","SubOne","UnityEngine.InputSystem.InputAction","get_SubOne","","public","","0x17002EB5"
"DolocInputSource/BaseInputActions","AddOne","UnityEngine.InputSystem.InputAction","get_AddOne","","public","","0x17002EB6"
"DolocInputSource/BaseInputActions","SubTen","UnityEngine.InputSystem.InputAction","get_SubTen","","public","","0x17002EB7"
"DolocInputSource/BaseInputActions","AddTen","UnityEngine.InputSystem.InputAction","get_AddTen","","public","","0x17002EB8"
"DolocInputSource/BaseInputActions","SetMin","UnityEngine.InputSystem.InputAction","get_SetMin","","public","","0x17002EB9"
"DolocInputSource/BaseInputActions","SetMax","UnityEngine.InputSystem.InputAction","get_SetMax","","public","","0x17002EBA"
"DolocInputSource/BaseInputActions","ContinueDialogue","UnityEngine.InputSystem.InputAction","get_ContinueDialogue","","public","","0x17002EBB"
"DolocInputSource/BaseInputActions","ToggleDialogueHistory","UnityEngine.InputSystem.InputAction","get_ToggleDialogueHistory","","public","","0x17002EBC"
"DolocInputSource/BaseInputActions","AssistSplit","UnityEngine.InputSystem.InputAction","get_AssistSplit","","public","","0x17002EBD"
"DolocInputSource/BaseInputActions","Interact","UnityEngine.InputSystem.InputAction","get_Interact","","public","","0x17002EBE"
"DolocInputSource/BaseInputActions","SpeedUp","UnityEngine.InputSystem.InputAction","get_SpeedUp","","public","","0x17002EBF"
"DolocInputSource/BaseInputActions","QuickSelectPrev","UnityEngine.InputSystem.InputAction","get_QuickSelectPrev","","public","","0x17002EC0"
"DolocInputSource/BaseInputActions","QuickSelectNext","UnityEngine.InputSystem.InputAction","get_QuickSelectNext","","public","","0x17002EC1"
"DolocInputSource/BaseInputActions","ToggleMissionPanel","UnityEngine.InputSystem.InputAction","get_ToggleMissionPanel","","public","","0x17002EC2"
"DolocInputSource/BaseInputActions","ToggleTechTree","UnityEngine.InputSystem.InputAction","get_ToggleTechTree","","public","","0x17002EC3"
"DolocInputSource/BaseInputActions","ToggleBackpack","UnityEngine.InputSystem.InputAction","get_ToggleBackpack","","public","","0x17002EC4"
"DolocInputSource/BaseInputActions","ToggleMap","UnityEngine.InputSystem.InputAction","get_ToggleMap","","public","","0x17002EC5"
"DolocInputSource/BaseInputActions","ToggleMenu","UnityEngine.InputSystem.InputAction","get_ToggleMenu","","public","","0x17002EC6"
"DolocInputSource/BaseInputActions","ToggleCollectionBook","UnityEngine.InputSystem.InputAction","get_ToggleCollectionBook","","public","","0x17002EC7"
"DolocInputSource/BaseInputActions","MiscellaneousFunction","UnityEngine.InputSystem.InputAction","get_MiscellaneousFunction","","public","","0x17002EC8"
"DolocInputSource/BaseInputActions","enabled","System.Boolean","get_enabled","","public","","0x17002EC9"
"DolocInputSource/GlobalActions","Point","UnityEngine.InputSystem.InputAction","get_Point","","public","","0x17002ECA"
"DolocInputSource/GlobalActions","Click","UnityEngine.InputSystem.InputAction","get_Click","","public","","0x17002ECB"
"DolocInputSource/GlobalActions","RightClick","UnityEngine.InputSystem.InputAction","get_RightClick","","public","","0x17002ECC"
"DolocInputSource/GlobalActions","CursorPosition","UnityEngine.InputSystem.InputAction","get_CursorPosition","","public","","0x17002ECD"
"DolocInputSource/GlobalActions","enabled","System.Boolean","get_enabled","","public","","0x17002ECE"
"RedSaw.UI.RedSawButtonBase","image","UnityEngine.UI.Image","get_image","set_image","public","private","0x170001CA"
"RedSaw.UI.RedSawButtonBase","downColor","UnityEngine.Color","get_downColor","set_downColor","public","public","0x170001CB"
"RedSaw.UI.RedSawButtonBase","hoverColor","UnityEngine.Color","get_hoverColor","set_hoverColor","public","public","0x170001CC"
"RedSaw.UI.RedSawButtonBase","normalColor","UnityEngine.Color","get_normalColor","set_normalColor","public","public","0x170001CD"
"RedSaw.UI.RedSawButtonBase","disableColor","UnityEngine.Color","get_disableColor","set_disableColor","public","public","0x170001CE"
"RedSaw.UI.RedSawButtonBase","clickCallback","System.Action","get_clickCallback","set_clickCallback","public","public","0x170001CF"
"RedSaw.UI.RedSawButtonBase","hoverCallback","System.Action","get_hoverCallback","set_hoverCallback","public","public","0x170001D0"
"RedSaw.UI.RedSawButtonBase","exitCallback","System.Action","get_exitCallback","set_exitCallback","public","public","0x170001D1"
"RedSaw.CommandLineInterface.DebugInlineButtonAttribute","MaxWidth","System.Int32","get_MaxWidth","set_MaxWidth","public","public","0x17000239"
"RedSaw.CommandLineInterface.DebugButtonAttribute","ButtonType","RedSaw.CommandLineInterface.DebugButtonType","get_ButtonType","set_ButtonType","public","public","0x1700023E"
"DolocTown.DolocUiState`1","OnCloseButtonClick","UnityEngine.Events.UnityEvent","get_OnCloseButtonClick","","protected","","0x17000EA6"
"DolocTown.SubmitMultipleItemsUiStateBase","OnCloseButtonClick","UnityEngine.Events.UnityEvent","get_OnCloseButtonClick","","protected","","0x17000EB5"
"DolocTown.SubmitSingleItemsUiStateBase","OnCloseButtonClick","UnityEngine.Events.UnityEvent","get_OnCloseButtonClick","","protected","","0x17000EB7"
"DolocTown.RecipePanelUiState","OnCloseButtonClick","UnityEngine.Events.UnityEvent","get_OnCloseButtonClick","","protected","","0x17000EC7"
"DolocTown.DemoEndUiSate","OnCloseButtonClick","UnityEngine.Events.UnityEvent","get_OnCloseButtonClick","","protected","","0x17000ECF"
"DolocTown.EnvOptimizerSubmitUiState","OnCloseButtonClick","UnityEngine.Events.UnityEvent","get_OnCloseButtonClick","","protected","","0x17000EE7"
"DolocTown.EnvOptimizerUiState","OnCloseButtonClick","UnityEngine.Events.UnityEvent","get_OnCloseButtonClick","","protected","","0x17000EEA"
"DolocTown.AutomateBotUiState","OnCloseButtonClick","UnityEngine.Events.UnityEvent","get_OnCloseButtonClick","","protected","","0x17000EEE"
"DolocTown.DeveloperListUiState","OnCloseButtonClick","UnityEngine.Events.UnityEvent","get_OnCloseButtonClick","","protected","","0x17000F01"
"DolocTown.GameDataUiState","OnCloseButtonClick","UnityEngine.Events.UnityEvent","get_OnCloseButtonClick","","protected","","0x17000F06"
"DolocTown.ButtonAction","index","System.Int32","get_index","set_index","public","private","0x17000F08"
"DolocTown.ButtonAction","text","System.String","get_text","","public","","0x17000F09"
"DolocTown.ModUiState","OnCloseButtonClick","UnityEngine.Events.UnityEvent","get_OnCloseButtonClick","","protected","","0x17000F15"
"DolocTown.UpdateLogUiState","OnCloseButtonClick","UnityEngine.Events.UnityEvent","get_OnCloseButtonClick","","protected","","0x17000F17"
"DolocTown.ContainerBaseUiState","OnCloseButtonClick","UnityEngine.Events.UnityEvent","get_OnCloseButtonClick","","protected","","0x17000F2E"
"DolocTown.ConversionRecipeUiState","OnCloseButtonClick","UnityEngine.Events.UnityEvent","get_OnCloseButtonClick","","protected","","0x17000F32"
"DolocTown.EquipmentBarUiState","OnCloseButtonClick","UnityEngine.Events.UnityEvent","get_OnCloseButtonClick","","protected","","0x17000F44"
"DolocTown.FarmingGunUiState","OnCloseButtonClick","UnityEngine.Events.UnityEvent","get_OnCloseButtonClick","","protected","","0x17000F48"
"DolocTown.FishTankUiState","OnCloseButtonClick","UnityEngine.Events.UnityEvent","get_OnCloseButtonClick","","protected","","0x17000F4C"
"DolocTown.GarbageShredderUiState","OnCloseButtonClick","UnityEngine.Events.UnityEvent","get_OnCloseButtonClick","","protected","","0x17000F50"
"DolocTown.SacrificeBoxUiState","OnCloseButtonClick","UnityEngine.Events.UnityEvent","get_OnCloseButtonClick","","protected","","0x17000F56"
"DolocTown.StorageShelfUiState","OnCloseButtonClick","UnityEngine.Events.UnityEvent","get_OnCloseButtonClick","","protected","","0x17000F60"
"DolocTown.TeleportUiState","OnCloseButtonClick","UnityEngine.Events.UnityEvent","get_OnCloseButtonClick","","protected","","0x17000F63"
"DolocTown.InstructionUiState","OnCloseButtonClick","UnityEngine.Events.UnityEvent","get_OnCloseButtonClick","","protected","","0x17000F66"
"DolocTown.MainMenuUiState","OnCloseButtonClick","UnityEngine.Events.UnityEvent","get_OnCloseButtonClick","","protected","","0x17000F6E"
"DolocTown.BoardMissionUiState","OnCloseButtonClick","UnityEngine.Events.UnityEvent","get_OnCloseButtonClick","","protected","","0x17000F71"
"DolocTown.FactionMissionUiState","OnCloseButtonClick","UnityEngine.Events.UnityEvent","get_OnCloseButtonClick","","protected","","0x17000F7A"
"DolocTown.CalendarUiState","OnCloseButtonClick","UnityEngine.Events.UnityEvent","get_OnCloseButtonClick","","protected","","0x17000F84"
"DolocTown.CollectionBookUiState","OnCloseButtonClick","UnityEngine.Events.UnityEvent","get_OnCloseButtonClick","","protected","","0x17000F90"
"DolocTown.DialogueHistoryUiState","OnCloseButtonClick","UnityEngine.Events.UnityEvent","get_OnCloseButtonClick","","protected","","0x17000F98"
"DolocTown.DronePanelUiState","OnCloseButtonClick","UnityEngine.Events.UnityEvent","get_OnCloseButtonClick","","protected","","0x17000F9B"
"DolocTown.RecruitPanelUiState","OnCloseButtonClick","UnityEngine.Events.UnityEvent","get_OnCloseButtonClick","","protected","","0x17000FAB"
"DolocTown.SeedUnLockUiState","OnCloseButtonClick","UnityEngine.Events.UnityEvent","get_OnCloseButtonClick","","protected","","0x17000FAD"
"DolocTown.TechTreeUiState","OnCloseButtonClick","UnityEngine.Events.UnityEvent","get_OnCloseButtonClick","","protected","","0x17000FB4"
"DolocTown.TutorialPanelUiState","OnCloseButtonClick","UnityEngine.Events.UnityEvent","get_OnCloseButtonClick","","protected","","0x17000FBA"
"DolocTown.WeatherReportUiState","OnCloseButtonClick","UnityEngine.Events.UnityEvent","get_OnCloseButtonClick","","protected","","0x17000FBB"
"DolocTown.StoreUiState","OnCloseButtonClick","UnityEngine.Events.UnityEvent","get_OnCloseButtonClick","","protected","","0x17000FC4"
"DolocTown.QuantitySubmitUiStateBase`2","OnCloseButtonClick","UnityEngine.Events.UnityEvent","get_OnCloseButtonClick","","protected","","0x17000FCA"
"DolocTown.DolocUserInput","inputSource","DolocInputSource","get_inputSource","set_inputSource","public","private","0x17001070"
"DolocTown.DolocUserInput","DeviceType","DolocTown.DolocInputDeviceType","get_DeviceType","","public","","0x17001071"
"DolocTown.DolocUserInput","InputType","DolocTown.DolocInputType","get_InputType","set_InputType","public","public","0x17001073"
"DolocTown.InputActionExtension","displayStringOptions","UnityEngine.InputSystem.InputBinding/DisplayStringOptions","get_displayStringOptions","","private","","0x17001074"
"DolocTown.UI.PageUiStateBase`2","OnCloseButtonClick","UnityEngine.Events.UnityEvent","get_OnCloseButtonClick","","protected","","0x17001129"
"DolocTown.UI.DolocUIPanel","OnCloseButtonClick","UnityEngine.Events.UnityEvent","get_OnCloseButtonClick","","public","","0x17001155"
"DolocTown.UI.IView","OnCloseButtonClick","UnityEngine.Events.UnityEvent","get_OnCloseButtonClick","","public","","0x17001167"
"DolocTown.UI.DolocGridUI`1","currentButton","UnityEngine.UI.Button","get_currentButton","","protected","","0x1700118C"
"DolocTown.UI.DolocNavigationButton","button","DolocTown.UI.DolocButtonComponent","get_button","","public","","0x1700119B"
"DolocTown.UI.DolocNavigationButton","transition","UnityEngine.UI.Selectable/Transition","get_transition","set_transition","public","public","0x1700119C"
"DolocTown.UI.DolocNavigationButton","spriteState","UnityEngine.UI.SpriteState","get_spriteState","set_spriteState","public","public","0x1700119D"
"DolocTown.UI.DolocNavigationButton","IsSelected","System.Boolean","get_IsSelected","","public","","0x1700119E"
"DolocTown.UI.DolocNavigationButton","visible","System.Boolean","get_visible","set_visible","public","public","0x1700119F"
"DolocTown.UI.DolocNavigationButton","interactable","System.Boolean","get_interactable","set_interactable","public","public","0x170011A0"
"DolocTown.UI.DolocNavigationButton","blocksRaycasts","System.Boolean","","set_blocksRaycasts","","public","0x170011A1"
"DolocTown.UI.DolocNavigationButton","grayed","System.Boolean","get_grayed","set_grayed","public","public","0x170011A2"
"DolocTown.UI.DolocNavigationButton","highLighted","System.Boolean","get_highLighted","set_highLighted","public","public","0x170011A3"
"DolocTown.UI.DolocButtonComponent","onSelect","UnityEngine.Events.UnityEvent","get_onSelect","","public","","0x170011A5"
"DolocTown.UI.DolocButtonComponent","onDeselect","UnityEngine.Events.UnityEvent","get_onDeselect","","public","","0x170011A6"
"DolocTown.UI.DolocButtonComponent","onPointerEnter","UnityEngine.Events.UnityEvent","get_onPointerEnter","","public","","0x170011A7"
"DolocTown.UI.DolocButtonComponent","onPointerExit","UnityEngine.Events.UnityEvent","get_onPointerExit","","public","","0x170011A8"
"DolocTown.UI.DolocButtonComponent","onPointerDown","UnityEngine.Events.UnityEvent","get_onPointerDown","","public","","0x170011A9"
"DolocTown.UI.DolocButtonComponent","onPointerUp","UnityEngine.Events.UnityEvent","get_onPointerUp","","public","","0x170011AA"
"DolocTown.UI.DolocButtonComponent","onLeftClick","UnityEngine.Events.UnityEvent","get_onLeftClick","","public","","0x170011AB"
"DolocTown.UI.DolocButtonComponent","onLeftLongClick","UnityEngine.Events.UnityEvent","get_onLeftLongClick","","public","","0x170011AC"
"DolocTown.UI.DolocButtonComponent","onLeftContinuesClick","System.Func`1<System.Boolean>","get_onLeftContinuesClick","set_onLeftContinuesClick","public","public","0x170011AD"
"DolocTown.UI.DolocButtonComponent","onRightClick","UnityEngine.Events.UnityEvent","get_onRightClick","","public","","0x170011AE"
"DolocTown.UI.DolocButtonComponent","onRightLongClick","UnityEngine.Events.UnityEvent","get_onRightLongClick","","public","","0x170011AF"
"DolocTown.UI.DolocButtonComponent","onRightContinuesClick","System.Func`1<System.Boolean>","get_onRightContinuesClick","set_onRightContinuesClick","public","public","0x170011B0"
"DolocTown.UI.DolocButtonComponent","onAssistLeftClick","UnityEngine.Events.UnityEvent","get_onAssistLeftClick","","public","","0x170011B1"
"DolocTown.UI.DolocButtonComponent","onAssistRightClick","UnityEngine.Events.UnityEvent","get_onAssistRightClick","","public","","0x170011B2"
"DolocTown.UI.DolocButtonComponent","onMove","UnityEngine.Events.UnityEvent`1<UnityEngine.EventSystems.MoveDirection>","get_onMove","","public","","0x170011B3"
"DolocTown.UI.DolocButtonComponent","rectTransform","UnityEngine.RectTransform","get_rectTransform","","public","","0x170011B4"
"DolocTown.UI.DolocButtonComponent","latestClickType","DolocTown.UI.ClickType","get_latestClickType","set_latestClickType","public","private","0x170011B5"
"DolocTown.UI.DolocInputFiledComponent","onSelect","UnityEngine.Events.UnityEvent","get_onSelect","","public","","0x170011B6"
"DolocTown.UI.DolocInputFiledComponent","onDeselect","UnityEngine.Events.UnityEvent","get_onDeselect","","public","","0x170011B7"
"DolocTown.UI.DolocInputFiledComponent","onMove","UnityEngine.Events.UnityEvent`1<UnityEngine.EventSystems.MoveDirection>","get_onMove","","public","","0x170011B8"
"DolocTown.UI.LinkButton","LinkId","System.String","get_LinkId","","public","","0x170011CE"
"DolocTown.UI.VerticalButtonGroup`1","disableRecycleOnInit","System.Boolean","get_disableRecycleOnInit","","protected","","0x170011CF"
"DolocTown.UI.VerticalButtonGroup`1","slotPrefab","UnityEngine.GameObject","get_slotPrefab","","protected","","0x170011D0"
"DolocTown.UI.AnimalPanel","CallButton","DolocTown.UI.DolocNavigationButton","get_CallButton","","public","","0x170011D9"
"DolocTown.UI.AnimalPanel","RenameButton","DolocTown.UI.DolocButtonComponent","get_RenameButton","","public","","0x170011DA"
"DolocTown.UI.BuildingData","buttonText","System.String","get_buttonText","","public","","0x1700129F"
"DolocTown.UI.ConfirmCraftButton","buttonText","System.String","","set_buttonText","","public","0x170012A5"
"DolocTown.UI.ICraftData","buttonText","System.String","get_buttonText","","public","","0x170012AC"
"DolocTown.UI.CraftGridPanel`3","BtnCraft","DolocTown.UI.ConfirmCraftButton","get_BtnCraft","","public","","0x170012AF"
"DolocTown.UI.CraftPanel`3","BtnCraft","DolocTown.UI.ConfirmCraftButton","get_BtnCraft","","public","","0x170012B1"
"DolocTown.UI.CraftViewer`1","BtnCraft","DolocTown.UI.ConfirmCraftButton","get_BtnCraft","","public","","0x170012B4"
"DolocTown.UI.EquipmentData","buttonText","System.String","get_buttonText","","public","","0x170012BD"
"DolocTown.UI.EquipmentPanel","BtnCollect","DolocTown.UI.DolocNavigationButton","get_BtnCollect","","public","","0x170012CB"
"DolocTown.UI.EquipmentSlot","BtnCollect","UnityEngine.UI.Button","get_BtnCollect","","public","","0x170012CC"
"DolocTown.UI.EquipmentViewer","BtnCollect","DolocTown.UI.DolocNavigationButton","get_BtnCollect","","public","","0x170012CE"
"DolocTown.UI.PlatformData","buttonText","System.String","get_buttonText","","public","","0x170012D5"
"DolocTown.UI.CookPanel","OnCloseButtonClick","UnityEngine.Events.UnityEvent","get_OnCloseButtonClick","","public","","0x170012DB"
"DolocTown.UI.RecipeData","buttonText","System.String","get_buttonText","","public","","0x170012F1"
"DolocTown.UI.EnvOptimizerData","buttonText","System.String","get_buttonText","","public","","0x17001343"
"DolocTown.UI.GameDataPanel","functionButtons","DolocTown.UI.DolocButtonComponent[]","get_functionButtons","","public","","0x170013AD"
"DolocTown.UI.GameDataPanel","focusedOnFunctionButtons","System.Boolean","get_focusedOnFunctionButtons","set_focusedOnFunctionButtons","public","private","0x170013AE"
"DolocTown.UI.ContainerWidget","isFunctionButtonSelect","System.Boolean","get_isFunctionButtonSelect","set_isFunctionButtonSelect","public","private","0x170013BB"
"DolocTown.UI.MenuButton","title","System.String","","set_title","","public","0x170013D7"
"DolocTown.UI.ModFunctionButton","buttonText","System.String","","set_buttonText","","public","0x1700140F"
"DolocTown.UI.ModFunctionButtonGroup","subButtons","DolocTown.UI.ModFunctionButton[]","get_subButtons","","private","","0x17001410"
"DolocTown.UI.TechNodePreviewData","buttonText","System.String","get_buttonText","","public","","0x1700143E"
"DolocTown.UI.TechNodePreviewData","buttonGrayed","System.Boolean","get_buttonGrayed","","public","","0x1700143F"
"DolocTown.UI.InputActionKeyIcon","displayStringOptions","UnityEngine.InputSystem.InputBinding/DisplayStringOptions","get_displayStringOptions","","private","","0x170014C6"
"DolocTown.UI.InputActionKeyIcon","IsLocked","System.Boolean","get_IsLocked","set_IsLocked","public","public","0x170014C7"
"DolocTown.UI.InputActionKeyIcon","IsConflict","System.Boolean","get_IsConflict","set_IsConflict","public","public","0x170014C8"
"DolocTown.UI.RebindActionSlot","actionAsset","DolocInputSource","get_actionAsset","","private","","0x170014D2"
"DolocTown.UI.RebindActionSlot","currentDeviceType","DolocTown.DolocInputDeviceType","get_currentDeviceType","","private","","0x170014D4"
"DolocTown.UI.RebindActionUI","actionAsset","DolocInputSource","get_actionAsset","","private","","0x170014DB"
"DolocTown.UI.RebindActionUI","currentDeviceType","DolocTown.DolocInputDeviceType","get_currentDeviceType","set_currentDeviceType","public","private","0x170014DD"
"DolocTown.UI.SettingPanel","isSaveButtonSelect","System.Boolean","get_isSaveButtonSelect","set_isSaveButtonSelect","public","private","0x17001504"
"DolocTown.UI.TextButton","alpha","System.Single","get_alpha","set_alpha","public","public","0x17001528"
"DolocTown.UI.TextButton","alignment","TMPro.TextAlignmentOptions","","set_alignment","","public","0x17001529"
"DolocTown.UI.TextButton","text","System.String","get_text","set_text","public","public","0x1700152A"
"DolocTown.UI.TextButton","preferredWidth","System.Single","get_preferredWidth","","public","","0x1700152B"
"DolocTown.UI.TextButton","textColor","UnityEngine.Color","","set_textColor","","public","0x1700152C"
"DolocTown.UI.TextButton","TextAlignment","TMPro.TextAlignmentOptions","","set_TextAlignment","","public","0x1700152D"
"DolocTown.Config.Settings.GlobalParameterInfo","UiButtonLongClickDuration","System.Single","get_UiButtonLongClickDuration","set_UiButtonLongClickDuration","public","private","0x17001BE7"
"DolocTown.Config.Settings.InputActionBinds","ActionMapName","System.String","get_ActionMapName","set_ActionMapName","public","private","0x17001C2B"
"DolocTown.Config.Settings.InputActionBinds","ActionName","System.String","get_ActionName","set_ActionName","public","private","0x17001C2C"
"DolocTown.Config.Settings.InputActionBinds","ComposePartName","System.String","get_ComposePartName","set_ComposePartName","public","private","0x17001C2D"
"DolocTown.Config.Settings.InputActionBinds","IsEmpty","System.Boolean","get_IsEmpty","","public","","0x17001C2E"
"DolocTown.Config.Settings.InputActionBinds","Path","System.String","get_Path","","public","","0x17001C2F"
"DolocTown.Config.Settings.RebindActionInfo","ActionPath","DolocTown.Config.Settings.InputActionBinds","get_ActionPath","set_ActionPath","public","private","0x17001C35"
"DolocTown.Config.Settings.RebindActionInfo","ActionLinkedPaths","DolocTown.Config.Settings.InputActionBinds[]","get_ActionLinkedPaths","set_ActionLinkedPaths","public","private","0x17001C36"
"DolocTown.Config.Settings.RebindActionInfo","actionAsset","DolocInputSource","get_actionAsset","","private","","0x17001C3B"
"DolocTown.Config.Settings.RebindActionInfo","MainAction","UnityEngine.InputSystem.InputAction","get_MainAction","set_MainAction","public","private","0x17001C3C"
"DolocTown.Config.Settings.RebindActionInfo","LinkedAction","System.Collections.Generic.List`1<UnityEngine.InputSystem.InputAction>","get_LinkedAction","set_LinkedAction","public","private","0x17001C3D"
"DolocTown.Config.Settings.RebindActionSettingComponent","InputAction","System.String","get_InputAction","set_InputAction","public","private","0x17001C40"
"DolocTown.Config.Settings.RebindActionSettingComponent","InputAction_Ref","DolocTown.Config.Settings.RebindActionInfo","get_InputAction_Ref","set_InputAction_Ref","public","private","0x17001C41"
"DolocTown.Config.Settings.TbGlobalParameter","UiButtonLongClickDuration","System.Single","get_UiButtonLongClickDuration","","public","","0x17001CFB"
"DolocTown.Config.Player.AgentEquipmentFuncProtoGrandmasButton","RecoveryIncrease","System.Single","get_RecoveryIncrease","set_RecoveryIncrease","public","private","0x17001F0D"
"DolocTown.Config.Localization.StaticTextInfo","UiEnvOptimizerButtonNoEnergy","System.String","get_UiEnvOptimizerButtonNoEnergy","set_UiEnvOptimizerButtonNoEnergy","public","private","0x17002627"
"DolocTown.Config.Localization.StaticTextInfo","UiEnvOptimizerButtonNoEnergy_l10n_key","System.String","get_UiEnvOptimizerButtonNoEnergy_l10n_key","","public","","0x17002628"
"DolocTown.Config.Localization.StaticTextInfo","UiEnvOptimizerButtonNoComponent","System.String","get_UiEnvOptimizerButtonNoComponent","set_UiEnvOptimizerButtonNoComponent","public","private","0x1700262B"
"DolocTown.Config.Localization.StaticTextInfo","UiEnvOptimizerButtonNoComponent_l10n_key","System.String","get_UiEnvOptimizerButtonNoComponent_l10n_key","","public","","0x1700262C"
"DolocTown.Config.Localization.StaticTextInfo","UiEnvOptimizerButtonValid","System.String","get_UiEnvOptimizerButtonValid","set_UiEnvOptimizerButtonValid","public","private","0x1700262F"
"DolocTown.Config.Localization.StaticTextInfo","UiEnvOptimizerButtonValid_l10n_key","System.String","get_UiEnvOptimizerButtonValid_l10n_key","","public","","0x17002630"
"DolocTown.Config.Localization.StaticTextInfo","UiEnvOptimizerButtonNotValid","System.String","get_UiEnvOptimizerButtonNotValid","set_UiEnvOptimizerButtonNotValid","public","private","0x17002631"
"DolocTown.Config.Localization.StaticTextInfo","UiEnvOptimizerButtonNotValid_l10n_key","System.String","get_UiEnvOptimizerButtonNotValid_l10n_key","","public","","0x17002632"
"DolocTown.Config.Localization.TbStaticText","UiEnvOptimizerButtonNoEnergy","System.String","get_UiEnvOptimizerButtonNoEnergy","","public","","0x17002971"
"DolocTown.Config.Localization.TbStaticText","UiEnvOptimizerButtonNoComponent","System.String","get_UiEnvOptimizerButtonNoComponent","","public","","0x17002973"
"DolocTown.Config.Localization.TbStaticText","UiEnvOptimizerButtonValid","System.String","get_UiEnvOptimizerButtonValid","","public","","0x17002975"
"DolocTown.Config.Localization.TbStaticText","UiEnvOptimizerButtonNotValid","System.String","get_UiEnvOptimizerButtonNotValid","","public","","0x17002976"
