名称	ID	场景贴图-命名格式	场景贴图（翻转）-命名格式	额外贴图（若有）	命名格式	额外贴图	命名格式
工业设备
简易发电机	wood_generator	sprite_equipment_wood_generator
燃料发电机	coal_generator	sprite_equipment_coal_generator
改良型燃料发电机	modified_fuel_generator	sprite_equipment_modified_fuel_generator
太阳能发电机	solar_generator	sprite_equipment_solar_generator
小型蓄电池	storage_battery	sprite_equipment_storage_battery		工作状态贴图	sprite_equipment_storage_battery_[0~4]
重型蓄电池	large_battery	sprite_equipment_large_battery
设备工作台	equipment_workbench	sprite_equipment_equipment_workbench
避雷针	lightning_arrester	sprite_equipment_lightning_arrester
女巫避雷针	lightning_arrester_big	sprite_equipment_lightning_arrester_big
天气调节器	weather_regulator	sprite_equipment_weather_regulator
气象站	weather_station	sprite_equipment_weather_station
组装塑形机	assemble_molding_machine	sprite_equipment_assemble_molding_machine
木炭窑	charcoal_kiln	sprite_equipment_charcoal_kiln		工作状态贴图	sprite_equipment_charcoal_kiln_full
充电器	charger	sprite_equipment_charger
垃圾熔炼机	garbage_collector	sprite_equipment_garbage_collector
熔炉	smelter	sprite_equipment_smelter
铸造熔炉	large_smelter	sprite_equipment_large_smelter
岩石粉碎机	rock_grinder	sprite_equipment_rock_grinder
垃圾分解机	garbage_shredder	sprite_equipment_garbage_shredder
风能发电机	wind_generator	sprite_equipment_wind_generator
农业设备
木桶	barrel	sprite_equipment_barrel
农业补光灯	farm_light	sprite_equipment_farm_light
手动洒水器	manual_sprinkler	sprite_equipment_manual_sprinkler
乔木种植盆	plantbasin_tree	sprite_equipment_plantbasin_tree
简易水井	well	sprite_equipment_well
种子压缩机	seed_compacting_machine	sprite_equipment_seed_compacting_machine
基因读取器	gene_extractor	sprite_equipment_gene_extractor
基因活性化培养仓	gene_incubator	sprite_equipment_gene_incubator
基因复制器	gene_replicator	sprite_equipment_gene_replicator
基因合成器	gene_synthesizer	sprite_equipment_gene_synthesizer
树脂收集器	resin_collector	sprite_equipment_resin_collector
废土音响	sound	sprite_equipment_sound
城镇设备-植物分析仪	plant_data_analyzer	sprite_equipment_plant_data_analyzer
堆肥桶	compost_barrel	sprite_equipment_compost_barrel		工作状态贴图	sprite_equipment_compost_barrel_full
乔木堆肥桶	tree_compost_barrel	sprite_equipment_tree_compost_barrel		工作状态贴图	sprite_equipment_tree_compost_barrel_full
肥料压制机	compost_grinder	sprite_equipment_compost_grinder
树脂压制机	resin_compacting_machine	sprite_equipment_resin_compacting_machine
电力洒水器	sprinkler	sprite_equipment_sprinkler		关闭状态贴图	sprite_equipment_sprinkler_closed
简易种植盆	plantbasin_basic	sprite_equipment_plantbasin_basic		潮湿状态贴图	sprite_equipment_plantbasin_basic_wet
木制种植盆	plantbasin_wooden	sprite_equipment_plantbasin_wooden		潮湿状态贴图	sprite_equipment_plantbasin_wooden_wet
泡沫种植盆	plantbasin_foam	sprite_equipment_plantbasin_foam		潮湿状态贴图	sprite_equipment_plantbasin_foam_wet
铁皮种植盆	plantbasin_iron	sprite_equipment_plantbasin_iron		潮湿状态贴图	sprite_equipment_plantbasin_iron_wet
轮胎种植盆	plantbasin_tyre	sprite_equipment_plantbasin_tyre		潮湿状态贴图	sprite_equipment_plantbasin_tyre_wet
纸箱种植盆	plantbasin_paper	sprite_equipment_plantbasin_paper		潮湿状态贴图	sprite_equipment_plantbasin_paper_wet
陶土种植盆	plantbasin_pottery	sprite_equipment_plantbasin_pottery		潮湿状态贴图	sprite_equipment_plantbasin_pottery_wet
蛋壳种植盆	plantbasin_eggshell	sprite_equipment_plantbasin_eggshell		潮湿状态贴图	sprite_equipment_plantbasin_eggshell_wet
山峦种植盆	plantbasin_mountain	sprite_equipment_plantbasin_mountain		潮湿状态贴图	sprite_equipment_plantbasin_mountain_wet
菌包	plantbasin_fungus	sprite_equipment_plantbasin_fungus		潮湿状态贴图	sprite_equipment_plantbasin_fungus_wet
藤蔓架子	plantbasin_vine	sprite_equipment_plantbasin_vine		潮湿状态贴图	sprite_equipment_plantbasin_vine_wet
瓷缸	porcelain_vat	sprite_equipment_porcelain_vat		潮湿状态贴图	sprite_equipment_porcelain_vat_wet
灌木基盆	plantbasin_shrub	sprite_equipment_plantbasin_shrub		潮湿状态贴图	sprite_equipment_plantbasin_shrub_wet
平原灌木基盆	plantbasin_shrub_plain	sprite_equipment_plantbasin_shrub_plain		潮湿状态贴图	sprite_equipment_plantbasin_shrub_plain_wet
农业信号灯	crop_traffic_light	sprite_equipment_crop_traffic_light		遮罩贴图	sprite_equipment_crop_traffic_light_mask
生活设备
稻草人	scarecrow	sprite_equipment_scarecrow
蘑菇盆栽	potted_mushroom	sprite_equipment_potted_mushroom
木质浴缸	wooden_bathtub	sprite_equipment_wooden_bathtub
木质大桌子	wooden_big_table	sprite_equipment_wooden_big_table
木质小桌子	wooden_table	sprite_equipment_wooden_table
原木桌	nature_table	sprite_equipment_nature_table
生态缸	terrarium	sprite_equipment_terrarium	sprite_equipment_terrarium_flip
卡莎的手工花	kasia_artificial_flower	sprite_equipment_kasia_artificial_flower
小雕像	statuette	sprite_equipment_statuette
铜展示杯	copper_display_cup	sprite_equipment_copper_display_cup
铁展示杯	iron_display_cup	sprite_equipment_iron_display_cup
金展示杯	gold_display_cup	sprite_equipment_gold_display_cup
山峦桌子	mountain_table	sprite_equipment_mountain_table	sprite_equipment_mountain_table_flip
山峦矮桌	mountain_low_table	sprite_equipment_mountain_low_table	sprite_equipment_mountain_low_table_flip
铜制茶几	copper_coffee_table	sprite_equipment_copper_coffee_table	sprite_equipment_copper_coffee_table_flip
草原镜台	grassland_dressing_table	sprite_equipment_grassland_dressing_table	sprite_equipment_grassland_dressing_table_flip
草原矮桌	grassland_low_table	sprite_equipment_grassland_low_table	sprite_equipment_grassland_low_table_flip
平原长桌	plain_long_table	sprite_equipment_plain_long_table	sprite_equipment_plain_long_table_flip
榫卯翘头案	sunmao_table	sprite_equipment_sunmao_table	sprite_equipment_sunmao_table_flip
榫卯盆景树	sunmao_tree	sprite_equipment_sunmao_tree
小木箱	wooden_case	sprite_equipment_wooden_case		换色贴图（#759513,#C73E53,#0761FF,#FF84A4,#545454）	sprite_equipment_wooden_case_[0~4]
大木箱	large_wooden_case	sprite_equipment_large_wooden_case		换色贴图（#759513,#C73E53,#0761FF,#FF84A4,#545454）	sprite_equipment_large_wooden_case_[0~4]
残破木柜	shabby_wooden_cabinet	sprite_equipment_shabby_wooden_cabinet	sprite_equipment_shabby_wooden_cabinet_flip
原木置物架	nature_shelf	sprite_equipment_nature_shelf
岛屿书柜	islands_bookcase	sprite_equipment_islands_bookcase
铜制柜子	copper_cabinet	sprite_equipment_copper_cabinet	sprite_equipment_copper_cabinet_flip
铜制矮柜	copper_low_cabinet	sprite_equipment_copper_low_cabinet	sprite_equipment_copper_low_cabinet_flip
草原衣柜	grassland_wardrobe	sprite_equipment_grassland_wardrobe	sprite_equipment_grassland_wardrobe_flip
榫卯博古架	sunmao_curio_shelf	sprite_equipment_sunmao_curio_shelf
床	bed	sprite_equipment_bed	sprite_equipment_bed_flip
木质床	wooden_bed	sprite_equipment_wooden_bed
木板床	plank_bed	sprite_equipment_plank_bed	sprite_equipment_plank_bed_flip
山峦床铺	mountain_bed	sprite_equipment_mountain_bed	sprite_equipment_mountain_bed_flip
提皮帐篷	plain_tent	sprite_equipment_plain_tent	sprite_equipment_plain_tent_flip
蹦床	trampoline	sprite_equipment_trampoline
手工工作台	manual_workbench	sprite_equipment_manual_workbench
落地灯	ground_light	sprite_equipment_ground_light
灯牌	light	sprite_equipment_light
复古夜灯	old_light	sprite_equipment_old_light
废土灯具	simple_light	sprite_equipment_simple_light
奇怪灯具	wired_light	sprite_equipment_wired_light
木质落地灯	wooden_light	sprite_equipment_wooden_light
原木灯	nature_light	sprite_equipment_nature_light
电火炬	electric_torch	sprite_equipment_electric_torch
棕榈落地灯	palm_floor_lamp	sprite_equipment_palm_floor_lamp
山峦落地灯	mountain_floor_lamp	sprite_equipment_mountain_floor_lamp
山峦氛围灯	mountain_ambience_lamp	sprite_equipment_mountain_ambience_lamp
铜制落地灯	copper_floor_lamp	sprite_equipment_copper_floor_lamp	sprite_equipment_copper_floor_lamp_flip
旋角落地灯	horned_floor_lamp	sprite_equipment_horned_floor_lamp
平原落地灯	plain_floor_lamp	sprite_equipment_plain_floor_lamp	sprite_equipment_plain_floor_lamp_flip
榫卯灯架	sunmao_lamp_stand	sprite_equipment_sunmao_lamp_stand
邮箱	mailbox	sprite_equipment_mailbox
原木展示台	showcase	sprite_equipment_showcase
山峦展示台	mountain_showcase	sprite_equipment_mountain_showcase
平原展示台	plain_showcase	sprite_equipment_plain_showcase
榫卯展示台	sunmao_showcase	sprite_equipment_sunmao_showcase
花盆	flower_pot	sprite_equipment_flower_pot
瓷花盆	porcelain_flower_pot	sprite_equipment_porcelain_flower_pot
箱子定位器	case_locator	sprite_equipment_case_locator
木质椅子	wooden_chair	sprite_equipment_wooden_chair
木质小凳子	wooden_stool	sprite_equipment_wooden_stool
舒适靠背椅	comfortable_armchair	sprite_equipment_comfortable_armchair	sprite_equipment_comfortable_armchair_flip	前景层贴图	sprite_equipment_comfortable_armchair_fore_ground	前景层贴图（翻转）	sprite_equipment_comfortable_armchair_flip_fore_ground
躺椅	lounge_chair	sprite_equipment_lounge_chair
原木椅	nature_chair	sprite_equipment_nature_chair
木质沙发	wooden_sofa	sprite_equipment_wooden_sofa		前景层贴图	sprite_equipment_wooden_sofa_fore_ground
原木沙发	nature_sofa	sprite_equipment_nature_sofa
岛屿椅	islands_chair	sprite_equipment_islands_chair
岛屿沙发	islands_sofa	sprite_equipment_islands_sofa		前景层贴图	sprite_equipment_islands_sofa_fore_ground
残破沙发	shabby_sofa	sprite_equipment_shabby_sofa	sprite_equipment_shabby_sofa_flip
山峦椅子	mountain_chair	sprite_equipment_mountain_chair	sprite_equipment_mountain_chair_flip	前景层贴图	sprite_equipment_mountain_chair_fore_ground	前景层贴图（翻转）	sprite_equipment_mountain_chair_flip_fore_ground
山峦双人沙发	mountain_two_seater_sofa	sprite_equipment_mountain_two_seater_sofa	sprite_equipment_mountain_two_seater_sofa_flip	前景层贴图	sprite_equipment_mountain_two_seater_sofa_fore_ground	前景层贴图（翻转）	sprite_equipment_mountain_two_seater_sofa_flip_fore_ground
铜制沙发	copper_sofa	sprite_equipment_copper_sofa	sprite_equipment_copper_sofa_flip
铜制扶手椅	copper_armchair	sprite_equipment_copper_armchair	sprite_equipment_copper_armchair_flip	前景层贴图	sprite_equipment_copper_armchair_fore_ground	前景层贴图（翻转）	sprite_equipment_copper_armchair_flip_fore_ground
草原靠背椅	grassland_armchair	sprite_equipment_grassland_armchair	sprite_equipment_grassland_armchair_flip	前景层贴图	sprite_equipment_grassland_armchair_fore_ground	前景层贴图（翻转）	sprite_equipment_grassland_armchair_flip_fore_ground
草原床桌	grassland_bedside_table	sprite_equipment_grassland_bedside_table	sprite_equipment_grassland_bedside_table_flip	前景层贴图	sprite_equipment_grassland_bedside_table_fore_ground	前景层贴图（翻转）	sprite_equipment_grassland_bedside_table_flip_fore_ground
草原胡椅	grassland_hu_chair	sprite_equipment_grassland_hu_chair	sprite_equipment_grassland_hu_chair_flip
平原矮凳	plain_low_stool	sprite_equipment_plain_low_stool	sprite_equipment_plain_low_stool_flip	前景层贴图	sprite_equipment_plain_low_stool_fore_ground	前景层贴图（翻转）	sprite_equipment_plain_low_stool_flip_fore_ground
平原靠背椅	plain_armchair	sprite_equipment_plain_armchair	sprite_equipment_plain_armchair_flip	前景层贴图	sprite_equipment_plain_armchair_fore_ground	前景层贴图（翻转）	sprite_equipment_plain_armchair_flip_fore_ground
榫卯官帽椅	sunmao_chair	sprite_equipment_sunmao_chair	sprite_equipment_sunmao_chair_flip
皮质日历	leather_calendar	sprite_equipment_leather_calendar	sprite_equipment_leather_calendar_flip
计算机	mini_computer	sprite_equipment_mini_computer
音响图腾	audio_totem	sprite_equipment_audio_totem	sprite_equipment_audio_totem_flip
马头琴音响	morin_khuur_speaker	sprite_equipment_morin_khuur_speaker	sprite_equipment_morin_khuur_speaker_flip
酿酒桶	brewing_barrel	sprite_equipment_brewing_barrel		工作状态贴图	sprite_equipment_brewing_barrel_full
高纯度酿酒桶	high_purity_brewing_barrel	sprite_equipment_high_purity_brewing_barrel
巨大酒桶	large_brewing_barrel	sprite_equipment_large_brewing_barrel
烹煮锅	pot	sprite_equipment_pot
大烹煮锅	large_pot	sprite_equipment_large_pot
榫卯土围灶台	sunmao_large_pot	sprite_equipment_sunmao_large_pot
茶壶	teapot	sprite_equipment_teapot
大茶壶	large_teapot	sprite_equipment_large_teapot
榫卯茶台	sunmao_large_teapot	sprite_equipment_sunmao_large_teapot
研磨机	grinder	sprite_equipment_grinder		工作状态贴图	sprite_equipment_grinder_full
烤箱	oven	sprite_equipment_oven
大烤箱	large_oven	sprite_equipment_large_oven
腌制罐	pickled_jar	sprite_equipment_pickled_jar
烘干箱	air_drying_box	sprite_equipment_air_drying_box
织布机	loom	sprite_equipment_loom
大腌制罐	pickled_jar_big	sprite_equipment_pickled_jar_big
电力烘干箱	air_drying_box_big	sprite_equipment_air_drying_box_big
窖藏架	brewing_rack	sprite_equipment_brewing_rack		工作状态贴图	sprite_equipment_brewing_rack_full_[0~5]
储物架	storage_shelf	sprite_equipment_storage_shelf		工作状态贴图	sprite_equipment_storage_shelf_full_[0~5]		icon_item_storage_shelf_full
碉楼亮格柜	sunmao_shelf	sprite_equipment_sunmao_shelf		工作状态贴图	sprite_equipment_sunmao_shelf_full_[0~5]		icon_item_sunmao_shelf_full
运输无人机&基站	parking_apron	sprite_equipment_parking_apron		运输无人机贴图	sprite_equipment_parking_apron_drone	货物贴图	sprite_equipment_parking_apron_items_[0~2]
淋浴间	shower_room	sprite_equipment_shower_room		遮罩贴图	sprite_equipment_shower_room_mask
岛屿电视机	islands_tv	sprite_equipment_islands_tv		遮罩贴图	sprite_equipment_islands_tv_mask	电视画面贴图	sprite_equipment_islands_tv_no_signal
养殖设备
牧草盆	plantbasin_grass	sprite_equipment_plantbasin_grass
牧铃	herding_bell	sprite_equipment_herding_bell
舐盐	salt_lick	sprite_equipment_salt_lick
棕熊布偶	animaldoll_brown	sprite_equipment_animaldoll_brown
白熊布偶	animaldoll_white	sprite_equipment_animaldoll_white
熊猫布偶	animaldoll_panda	sprite_equipment_animaldoll_panda
鱼食存储仓	automatic_fish_feeder	sprite_equipment_automatic_fish_feeder
增氧泵	oxygenation_pump	sprite_equipment_oxygenation_pump
饲料机	feed_machine	sprite_equipment_feed_machine		工作状态贴图	sprite_equipment_feed_machine_full
饲料槽	feeder	sprite_equipment_feeder		工作状态贴图	sprite_equipment_feeder_full
大型饲料槽	large_feeder	sprite_equipment_large_feeder		工作状态贴图	sprite_equipment_large_feeder_full
小动物厕所	toilet	sprite_equipment_toilet		工作状态贴图	sprite_equipment_toilet_full
大型厕所	large_toilet	sprite_equipment_large_toilet		工作状态贴图	sprite_equipment_large_toilet_full
繁育室	livestock_nursery	sprite_equipment_livestock_nursery		工作状态贴图	sprite_equipment_livestock_nursery_full
鸡窝	chicken_nest	sprite_equipment_chicken_nest		工作状态贴图	sprite_equipment_chicken_nest_full_[0~1]
栅栏	fence	sprite_equipment_fence
蜂箱	honey_comb	sprite_equipment_honey_comb		工作状态贴图	sprite_equipment_honey_comb_full_[0~1]
粘毛滚	lint_roller	sprite_equipment_lint_roller		工作状态贴图	sprite_equipment_lint_roller_full_[0~1]
挤奶器	milking_machine	sprite_equipment_milking_machine		工作状态贴图	sprite_equipment_milking_machine_full_[0~1]
鱼缸	fish_tank	sprite_equipment_fish_tank		遮罩贴图1	sprite_equipment_fish_tank_mask
大鱼缸	large_fish_tank	sprite_equipment_large_fish_tank		遮罩贴图1	sprite_equipment_large_fish_tank_mask
生态鱼缸	ecological_fish_tank	sprite_equipment_ecological_fish_tank		遮罩贴图1	sprite_equipment_ecological_fish_tank_mask
鱼孵化器	fish_incubator	sprite_equipment_fish_incubator		遮罩贴图1	sprite_equipment_fish_incubator_mask	遮罩贴图2	sprite_equipment_fish_incubator_emission
