		场景贴图组（关门）		场景贴图组（开门）
名称	ID	场景贴图-命名格式	门的贴图-命名格式	场景贴图-命名格式	门的贴图-命名格式
外部墙纸（默认）	wall_default					四周留1像素
帐篷	tent	sprite_building_external_tent	sprite_building_external_door_tent
小型集装箱	small_container	sprite_building_external_small_container	sprite_building_external_door_small_container
中型集装箱	medium_container	sprite_building_external_medium_container	sprite_building_external_door_medium_container
大型集装箱	large_container	sprite_building_external_large_container	sprite_building_external_door_large_container
植物大棚	plant_greenhouse	sprite_building_external_plant_greenhouse	sprite_building_external_door_plant_greenhouse
温室	greenhouse	sprite_building_external_greenhouse	sprite_building_external_door_greenhouse
电力控制室	power_control_compartment	sprite_building_external_power_control_compartment	sprite_building_external_door_power_control_compartment
小型畜棚	small_barn	sprite_building_external_small_barn	sprite_building_external_door_small_barn	sprite_building_external_small_barn_opened	sprite_building_external_door_small_barn_opened
大型畜棚	large_barn	sprite_building_external_large_barn	sprite_building_external_door_large_barn	sprite_building_external_large_barn_opened	sprite_building_external_door_large_barn_opened
地窖	cellar	sprite_building_external_cellar	sprite_building_external_door_cellar
