table	id	origin_count	origins	runtime_status
animal_tbfeed.json	crop0	1	03 进阶内容模组示例 Advanced Content Creation/06 综合案例一（新增作物） Example（Crop）/animal_tbfeed.json	not-run
animal_tbhusbandryenergy.json	seed_crop0	1	03 进阶内容模组示例 Advanced Content Creation/06 综合案例一（新增作物） Example（Crop）/animal_tbhusbandryenergy.json	not-run
archives_tbplantdocument.json	crop0	1	03 进阶内容模组示例 Advanced Content Creation/06 综合案例一（新增作物） Example（Crop）/archives_tbplantdocument.json	not-run
building_tbbuildingexterior.json	exterior0	1	02 基础内容模组示例 Basic Content Creation/09 综合案例四（新增墙纸）Example（New Wallpaper）/01 外部墙纸 Exterior Wallpaper/building_tbbuildingexterior.json	not-run
building_tbbuildingwallpaper.json	wall0	1	02 基础内容模组示例 Basic Content Creation/09 综合案例四（新增墙纸）Example（New Wallpaper）/02 内部墙纸 Interior Wallpaper/building_tbbuildingwallpaper.json	not-run
equipment_tbequipment.json	decoration0	2	02 基础内容模组示例 Basic Content Creation/03 新增设备 Farm Decoration/equipment_tbequipment.json|02 基础内容模组示例 Basic Content Creation/08 综合案例三（新增设备）Example（New Decor）/equipment_tbequipment.json	not-run
fishing_tbfarmfish.json	fish0	1	03 进阶内容模组示例 Advanced Content Creation/07 综合案例二（新增鱼） Example（Fish）/fishing_tbfarmfish.json	not-run
fishing_tbfarmfish.json	fish1	1	03 进阶内容模组示例 Advanced Content Creation/07 综合案例二（新增鱼） Example（Fish）/fishing_tbfarmfish.json	not-run
fishing_tbfarmfishformation.json	fish1	1	03 进阶内容模组示例 Advanced Content Creation/07 综合案例二（新增鱼） Example（Fish）/fishing_tbfarmfishformation.json	not-run
fishing_tbfish.json	fish0	2	03 进阶内容模组示例 Advanced Content Creation/02 新增鱼 Fish/fishing_tbfish.json|03 进阶内容模组示例 Advanced Content Creation/07 综合案例二（新增鱼） Example（Fish）/fishing_tbfish.json	not-run
fishing_tbfishdocument.json	fish0	1	03 进阶内容模组示例 Advanced Content Creation/07 综合案例二（新增鱼） Example（Fish）/fishing_tbfishdocument.json	not-run
fishing_tbfishdocument.json	fish1	1	03 进阶内容模组示例 Advanced Content Creation/07 综合案例二（新增鱼） Example（Fish）/fishing_tbfishdocument.json	not-run
fishing_tbfishfeed.json	crop0	1	03 进阶内容模组示例 Advanced Content Creation/06 综合案例一（新增作物） Example（Crop）/fishing_tbfishfeed.json	not-run
item_tbeatingeffect.json	endyam_can	1	03 进阶内容模组示例 Advanced Content Creation/03 新增料理 Dish/01 固定配方 Set Recipe/item_tbeatingeffect.json	not-run
item_tbeatingeffect.json	fish_can	2	03 进阶内容模组示例 Advanced Content Creation/03 新增料理 Dish/02 自由烹饪 Flexible Recipe/item_tbeatingeffect.json|03 进阶内容模组示例 Advanced Content Creation/07 综合案例二（新增鱼） Example（Fish）/item_tbeatingeffect.json	not-run
item_tbeatingeffect.json	fish_can_plus	2	03 进阶内容模组示例 Advanced Content Creation/03 新增料理 Dish/02 自由烹饪 Flexible Recipe/item_tbeatingeffect.json|03 进阶内容模组示例 Advanced Content Creation/07 综合案例二（新增鱼） Example（Fish）/item_tbeatingeffect.json	not-run
item_tbitem.json	crop0	2	03 进阶内容模组示例 Advanced Content Creation/01 新增作物  Crop/item_tbitem.json|03 进阶内容模组示例 Advanced Content Creation/06 综合案例一（新增作物） Example（Crop）/item_tbitem.json	not-run
item_tbitem.json	decoration0	2	02 基础内容模组示例 Basic Content Creation/03 新增设备 Farm Decoration/item_tbitem.json|02 基础内容模组示例 Basic Content Creation/08 综合案例三（新增设备）Example（New Decor）/item_tbitem.json	not-run
item_tbitem.json	endyam_can	1	03 进阶内容模组示例 Advanced Content Creation/03 新增料理 Dish/01 固定配方 Set Recipe/item_tbitem.json	not-run
item_tbitem.json	exterior0	1	02 基础内容模组示例 Basic Content Creation/09 综合案例四（新增墙纸）Example（New Wallpaper）/01 外部墙纸 Exterior Wallpaper/item_tbitem.json	not-run
item_tbitem.json	fertile_soil	4	02 基础内容模组示例 Basic Content Creation/01 新增道具 Item/item_tbitem.json|02 基础内容模组示例 Basic Content Creation/06 综合案例一（新增道具） Example（New Item）/item_tbitem.json|03 进阶内容模组示例 Advanced Content Creation/04 新增资源 Resource/item_tbitem.json|03 进阶内容模组示例 Advanced Content Creation/08 综合案例三（新增资源） Example（Resource）/item_tbitem.json	not-run
item_tbitem.json	fish0	2	03 进阶内容模组示例 Advanced Content Creation/02 新增鱼 Fish/item_tbitem.json|03 进阶内容模组示例 Advanced Content Creation/07 综合案例二（新增鱼） Example（Fish）/item_tbitem.json	not-run
item_tbitem.json	fish1	1	03 进阶内容模组示例 Advanced Content Creation/07 综合案例二（新增鱼） Example（Fish）/item_tbitem.json	not-run
item_tbitem.json	fish_can	2	03 进阶内容模组示例 Advanced Content Creation/03 新增料理 Dish/02 自由烹饪 Flexible Recipe/item_tbitem.json|03 进阶内容模组示例 Advanced Content Creation/07 综合案例二（新增鱼） Example（Fish）/item_tbitem.json	not-run
item_tbitem.json	fish_can_plus	2	03 进阶内容模组示例 Advanced Content Creation/03 新增料理 Dish/02 自由烹饪 Flexible Recipe/item_tbitem.json|03 进阶内容模组示例 Advanced Content Creation/07 综合案例二（新增鱼） Example（Fish）/item_tbitem.json	not-run
item_tbitem.json	hat0	2	02 基础内容模组示例 Basic Content Creation/02 新增帽子 Headgear/01 静态帽子 Static Hat/item_tbitem.json|02 基础内容模组示例 Basic Content Creation/07 综合案例二（新增帽子）Example（New Hat）/item_tbitem.json	not-run
item_tbitem.json	hat1	2	02 基础内容模组示例 Basic Content Creation/02 新增帽子 Headgear/02 动态帽子 Animated Hat/item_tbitem.json|02 基础内容模组示例 Basic Content Creation/07 综合案例二（新增帽子）Example（New Hat）/item_tbitem.json	not-run
item_tbitem.json	hat2	2	02 基础内容模组示例 Basic Content Creation/02 新增帽子 Headgear/03 造型帽子 Hairstyle Hat/item_tbitem.json|02 基础内容模组示例 Basic Content Creation/07 综合案例二（新增帽子）Example（New Hat）/item_tbitem.json	not-run
item_tbitem.json	platform0	1	02 基础内容模组示例 Basic Content Creation/10 综合案例五（新增平台）Example（New Platform）/01 简易纹理平台 Basic Texture Platform/item_tbitem.json	not-run
item_tbitem.json	platform1	1	02 基础内容模组示例 Basic Content Creation/10 综合案例五（新增平台）Example（New Platform）/02 随机纹理平台 Random Texture Platform/item_tbitem.json	not-run
item_tbitem.json	seed_crop0	2	03 进阶内容模组示例 Advanced Content Creation/01 新增作物  Crop/item_tbitem.json|03 进阶内容模组示例 Advanced Content Creation/06 综合案例一（新增作物） Example（Crop）/item_tbitem.json	not-run
item_tbitem.json	vivid_toadstool	1	03 进阶内容模组示例 Advanced Content Creation/05 新增植被 Vegetation/item_tbitem.json	not-run
item_tbitem.json	wall0	1	02 基础内容模组示例 Basic Content Creation/09 综合案例四（新增墙纸）Example（New Wallpaper）/02 内部墙纸 Interior Wallpaper/item_tbitem.json	not-run
item_tbitemspawn.json	fertile_soil_drop	2	03 进阶内容模组示例 Advanced Content Creation/04 新增资源 Resource/item_tbitemspawn.json|03 进阶内容模组示例 Advanced Content Creation/08 综合案例三（新增资源） Example（Resource）/item_tbitemspawn.json	not-run
item_tbitemspawn.json	fish0_produce	1	03 进阶内容模组示例 Advanced Content Creation/07 综合案例二（新增鱼） Example（Fish）/item_tbitemspawn.json	not-run
item_tbitemspawn.json	fish1_produce	1	03 进阶内容模组示例 Advanced Content Creation/07 综合案例二（新增鱼） Example（Fish）/item_tbitemspawn.json	not-run
item_tbitemspawn.json	toadstool_drop	1	03 进阶内容模组示例 Advanced Content Creation/05 新增植被 Vegetation/item_tbitemspawn.json	not-run
mod_tbmoddishgroupextension.json	large_pot	2	03 进阶内容模组示例 Advanced Content Creation/03 新增料理 Dish/02 自由烹饪 Flexible Recipe/mod_tbmoddishgroupextension.json|03 进阶内容模组示例 Advanced Content Creation/07 综合案例二（新增鱼） Example（Fish）/mod_tbmoddishgroupextension.json	not-run
mod_tbmoddishgroupextension.json	pot	2	03 进阶内容模组示例 Advanced Content Creation/03 新增料理 Dish/02 自由烹饪 Flexible Recipe/mod_tbmoddishgroupextension.json|03 进阶内容模组示例 Advanced Content Creation/07 综合案例二（新增鱼） Example（Fish）/mod_tbmoddishgroupextension.json	not-run
mod_tbmodexchangestoreextension.json	phone_booth_exchange_shop	2	02 基础内容模组示例 Basic Content Creation/05 新增商店道具 Store Item/02 兑换商店 Exchange Shop/mod_tbmodexchangestoreextension.json|02 基础内容模组示例 Basic Content Creation/07 综合案例二（新增帽子）Example（New Hat）/mod_tbmodexchangestoreextension.json	not-run
mod_tbmodfishingpoolextension.json	freshwater_default	2	03 进阶内容模组示例 Advanced Content Creation/02 新增鱼 Fish/mod_tbmodfishingpoolextension.json|03 进阶内容模组示例 Advanced Content Creation/07 综合案例二（新增鱼） Example（Fish）/mod_tbmodfishingpoolextension.json	not-run
mod_tbmodfishingpoolextension.json	freshwater_forest	2	03 进阶内容模组示例 Advanced Content Creation/02 新增鱼 Fish/mod_tbmodfishingpoolextension.json|03 进阶内容模组示例 Advanced Content Creation/07 综合案例二（新增鱼） Example（Fish）/mod_tbmodfishingpoolextension.json	not-run
mod_tbmodfishingpoolextension.json	wetland_lotus	2	03 进阶内容模组示例 Advanced Content Creation/02 新增鱼 Fish/mod_tbmodfishingpoolextension.json|03 进阶内容模组示例 Advanced Content Creation/07 综合案例二（新增鱼） Example（Fish）/mod_tbmodfishingpoolextension.json	not-run
mod_tbmodingredientgroupextension.json	fish_class	1	03 进阶内容模组示例 Advanced Content Creation/07 综合案例二（新增鱼） Example（Fish）/mod_tbmodingredientgroupextension.json	not-run
mod_tbmodingredientgroupextension.json	meat_fish_class	1	03 进阶内容模组示例 Advanced Content Creation/07 综合案例二（新增鱼） Example（Fish）/mod_tbmodingredientgroupextension.json	not-run
mod_tbmodingredientgroupextension.json	meat_vegetable_class	2	03 进阶内容模组示例 Advanced Content Creation/06 综合案例一（新增作物） Example（Crop）/mod_tbmodingredientgroupextension.json|03 进阶内容模组示例 Advanced Content Creation/07 综合案例二（新增鱼） Example（Fish）/mod_tbmodingredientgroupextension.json	not-run
mod_tbmodingredientgroupextension.json	mushroom_class	1	03 进阶内容模组示例 Advanced Content Creation/06 综合案例一（新增作物） Example（Crop）/mod_tbmodingredientgroupextension.json	not-run
mod_tbmodingredientgroupextension.json	vegetable_class	1	03 进阶内容模组示例 Advanced Content Creation/06 综合案例一（新增作物） Example（Crop）/mod_tbmodingredientgroupextension.json	not-run
mod_tbmoditemspawnextension.json	soil_drop	1	02 基础内容模组示例 Basic Content Creation/06 综合案例一（新增道具） Example（New Item）/mod_tbmoditemspawnextension.json	not-run
mod_tbmoditemspawnextension.json	trash_can_small_drop	1	02 基础内容模组示例 Basic Content Creation/06 综合案例一（新增道具） Example（New Item）/mod_tbmoditemspawnextension.json	not-run
mod_tbmodrecipegroupextension.json	air_drying_box	1	03 进阶内容模组示例 Advanced Content Creation/07 综合案例二（新增鱼） Example（Fish）/mod_tbmodrecipegroupextension.json	not-run
mod_tbmodrecipegroupextension.json	air_drying_box_big	1	03 进阶内容模组示例 Advanced Content Creation/07 综合案例二（新增鱼） Example（Fish）/mod_tbmodrecipegroupextension.json	not-run
mod_tbmodrecipegroupextension.json	compost_barrel	1	03 进阶内容模组示例 Advanced Content Creation/08 综合案例三（新增资源） Example（Resource）/mod_tbmodrecipegroupextension.json	not-run
mod_tbmodrecipegroupextension.json	compost_grinder	1	03 进阶内容模组示例 Advanced Content Creation/08 综合案例三（新增资源） Example（Resource）/mod_tbmodrecipegroupextension.json	not-run
mod_tbmodrecipegroupextension.json	equipment_workbench	2	02 基础内容模组示例 Basic Content Creation/04 新增配方 Recipe/mod_tbmodrecipegroupextension.json|02 基础内容模组示例 Basic Content Creation/08 综合案例三（新增设备）Example（New Decor）/mod_tbmodrecipegroupextension.json	not-run
mod_tbmodrecipegroupextension.json	gene_extractor	1	03 进阶内容模组示例 Advanced Content Creation/06 综合案例一（新增作物） Example（Crop）/mod_tbmodrecipegroupextension.json	not-run
mod_tbmodrecipegroupextension.json	large_pot	1	03 进阶内容模组示例 Advanced Content Creation/03 新增料理 Dish/01 固定配方 Set Recipe/mod_tbmodrecipegroupextension.json	not-run
mod_tbmodrecipegroupextension.json	manual_workbench	2	02 基础内容模组示例 Basic Content Creation/10 综合案例五（新增平台）Example（New Platform）/01 简易纹理平台 Basic Texture Platform/mod_tbmodrecipegroupextension.json|02 基础内容模组示例 Basic Content Creation/10 综合案例五（新增平台）Example（New Platform）/02 随机纹理平台 Random Texture Platform/mod_tbmodrecipegroupextension.json	not-run
mod_tbmodrecipegroupextension.json	plant_data_analyzer	1	03 进阶内容模组示例 Advanced Content Creation/06 综合案例一（新增作物） Example（Crop）/mod_tbmodrecipegroupextension.json	not-run
mod_tbmodrecipegroupextension.json	pot	1	03 进阶内容模组示例 Advanced Content Creation/03 新增料理 Dish/01 固定配方 Set Recipe/mod_tbmodrecipegroupextension.json	not-run
mod_tbmodrecipegroupextension.json	seed_compacting_machine	1	03 进阶内容模组示例 Advanced Content Creation/06 综合案例一（新增作物） Example（Crop）/mod_tbmodrecipegroupextension.json	not-run
mod_tbmodrecipegroupextension.json	tree_compost_barrel	1	03 进阶内容模组示例 Advanced Content Creation/08 综合案例三（新增资源） Example（Resource）/mod_tbmodrecipegroupextension.json	not-run
mod_tbmodresourcespawnextension.json	doloc_town_forest	2	03 进阶内容模组示例 Advanced Content Creation/04 新增资源 Resource/mod_tbmodresourcespawnextension.json|03 进阶内容模组示例 Advanced Content Creation/08 综合案例三（新增资源） Example（Resource）/mod_tbmodresourcespawnextension.json	not-run
mod_tbmodstoreextension.json	phone_booth_shop	4	02 基础内容模组示例 Basic Content Creation/05 新增商店道具 Store Item/01 一般商店 Trade Shop/mod_tbmodstoreextension.json|02 基础内容模组示例 Basic Content Creation/08 综合案例三（新增设备）Example（New Decor）/mod_tbmodstoreextension.json|02 基础内容模组示例 Basic Content Creation/09 综合案例四（新增墙纸）Example（New Wallpaper）/01 外部墙纸 Exterior Wallpaper/mod_tbmodstoreextension.json|02 基础内容模组示例 Basic Content Creation/09 综合案例四（新增墙纸）Example（New Wallpaper）/02 内部墙纸 Interior Wallpaper/mod_tbmodstoreextension.json	not-run
mod_tbmodstoreextension.json	seasonseed_villain_shop	1	03 进阶内容模组示例 Advanced Content Creation/06 综合案例一（新增作物） Example（Crop）/mod_tbmodstoreextension.json	not-run
mod_tbmodstoreextension.json	villain_shop	1	03 进阶内容模组示例 Advanced Content Creation/06 综合案例一（新增作物） Example（Crop）/mod_tbmodstoreextension.json	not-run
mod_tbmodvegetationspawnextension.json	wetland_cave	1	03 进阶内容模组示例 Advanced Content Creation/05 新增植被 Vegetation/mod_tbmodvegetationspawnextension.json	not-run
mod_tbmodvegetationspawnextension.json	wetland_cave_depths	1	03 进阶内容模组示例 Advanced Content Creation/05 新增植被 Vegetation/mod_tbmodvegetationspawnextension.json	not-run
plant_tbcropgenematrix.json	seed_crop0	1	03 进阶内容模组示例 Advanced Content Creation/06 综合案例一（新增作物） Example（Crop）/plant_tbcropgenematrix.json	not-run
plant_tbseed.json	seed_crop0	2	03 进阶内容模组示例 Advanced Content Creation/01 新增作物  Crop/plant_tbseed.json|03 进阶内容模组示例 Advanced Content Creation/06 综合案例一（新增作物） Example（Crop）/plant_tbseed.json	not-run
platform_tbplatform.json	platform0	1	02 基础内容模组示例 Basic Content Creation/10 综合案例五（新增平台）Example（New Platform）/01 简易纹理平台 Basic Texture Platform/platform_tbplatform.json	not-run
platform_tbplatform.json	platform1	1	02 基础内容模组示例 Basic Content Creation/10 综合案例五（新增平台）Example（New Platform）/02 随机纹理平台 Random Texture Platform/platform_tbplatform.json	not-run
player_tbhat.json	hat0	2	02 基础内容模组示例 Basic Content Creation/02 新增帽子 Headgear/01 静态帽子 Static Hat/player_tbhat.json|02 基础内容模组示例 Basic Content Creation/07 综合案例二（新增帽子）Example（New Hat）/player_tbhat.json	not-run
player_tbhat.json	hat1	2	02 基础内容模组示例 Basic Content Creation/02 新增帽子 Headgear/02 动态帽子 Animated Hat/player_tbhat.json|02 基础内容模组示例 Basic Content Creation/07 综合案例二（新增帽子）Example（New Hat）/player_tbhat.json	not-run
player_tbhat.json	hat2	2	02 基础内容模组示例 Basic Content Creation/02 新增帽子 Headgear/03 造型帽子 Hairstyle Hat/player_tbhat.json|02 基础内容模组示例 Basic Content Creation/07 综合案例二（新增帽子）Example（New Hat）/player_tbhat.json	not-run
recipe_tbdish.json	fish_can	2	03 进阶内容模组示例 Advanced Content Creation/03 新增料理 Dish/02 自由烹饪 Flexible Recipe/recipe_tbdish.json|03 进阶内容模组示例 Advanced Content Creation/07 综合案例二（新增鱼） Example（Fish）/recipe_tbdish.json	not-run
recipe_tbingredientgroup.json	can_class	2	03 进阶内容模组示例 Advanced Content Creation/03 新增料理 Dish/02 自由烹饪 Flexible Recipe/recipe_tbingredientgroup.json|03 进阶内容模组示例 Advanced Content Creation/07 综合案例二（新增鱼） Example（Fish）/recipe_tbingredientgroup.json	not-run
recipe_tbingredientgroup.json	canned_fish_class	2	03 进阶内容模组示例 Advanced Content Creation/03 新增料理 Dish/02 自由烹饪 Flexible Recipe/recipe_tbingredientgroup.json|03 进阶内容模组示例 Advanced Content Creation/07 综合案例二（新增鱼） Example（Fish）/recipe_tbingredientgroup.json	not-run
recipe_tbrecipe.json	crop0	1	03 进阶内容模组示例 Advanced Content Creation/06 综合案例一（新增作物） Example（Crop）/recipe_tbrecipe.json	not-run
recipe_tbrecipe.json	decoration0	2	02 基础内容模组示例 Basic Content Creation/04 新增配方 Recipe/recipe_tbrecipe.json|02 基础内容模组示例 Basic Content Creation/08 综合案例三（新增设备）Example（New Decor）/recipe_tbrecipe.json	not-run
recipe_tbrecipe.json	dried_fish_fish0	1	03 进阶内容模组示例 Advanced Content Creation/07 综合案例二（新增鱼） Example（Fish）/recipe_tbrecipe.json	not-run
recipe_tbrecipe.json	dried_fish_fish1	1	03 进阶内容模组示例 Advanced Content Creation/07 综合案例二（新增鱼） Example（Fish）/recipe_tbrecipe.json	not-run
recipe_tbrecipe.json	endyam_can	1	03 进阶内容模组示例 Advanced Content Creation/03 新增料理 Dish/01 固定配方 Set Recipe/recipe_tbrecipe.json	not-run
recipe_tbrecipe.json	fertilizer_fertile_soil	1	03 进阶内容模组示例 Advanced Content Creation/08 综合案例三（新增资源） Example（Resource）/recipe_tbrecipe.json	not-run
recipe_tbrecipe.json	fertilizer_tree_fertile_soil	1	03 进阶内容模组示例 Advanced Content Creation/08 综合案例三（新增资源） Example（Resource）/recipe_tbrecipe.json	not-run
recipe_tbrecipe.json	gene_seed_crop0	1	03 进阶内容模组示例 Advanced Content Creation/06 综合案例一（新增作物） Example（Crop）/recipe_tbrecipe.json	not-run
recipe_tbrecipe.json	platform0	1	02 基础内容模组示例 Basic Content Creation/10 综合案例五（新增平台）Example（New Platform）/01 简易纹理平台 Basic Texture Platform/recipe_tbrecipe.json	not-run
recipe_tbrecipe.json	platform1	1	02 基础内容模组示例 Basic Content Creation/10 综合案例五（新增平台）Example（New Platform）/02 随机纹理平台 Random Texture Platform/recipe_tbrecipe.json	not-run
recipe_tbrecipe.json	seed_crop0	1	03 进阶内容模组示例 Advanced Content Creation/06 综合案例一（新增作物） Example（Crop）/recipe_tbrecipe.json	not-run
resource_tbresource.json	fertile_soil	2	03 进阶内容模组示例 Advanced Content Creation/04 新增资源 Resource/resource_tbresource.json|03 进阶内容模组示例 Advanced Content Creation/08 综合案例三（新增资源） Example（Resource）/resource_tbresource.json	not-run
resource_tbresourcedocument.json	fertile_soil	1	03 进阶内容模组示例 Advanced Content Creation/08 综合案例三（新增资源） Example（Resource）/resource_tbresourcedocument.json	not-run
resource_tbresourcedocument.json	toadstool	1	03 进阶内容模组示例 Advanced Content Creation/05 新增植被 Vegetation/resource_tbresourcedocument.json	not-run
resource_tbvegetation.json	toadstool	1	03 进阶内容模组示例 Advanced Content Creation/05 新增植被 Vegetation/resource_tbvegetation.json	not-run
